geoname,cvap_est
"Autauga, Alabama",44355
"Baldwin, Alabama",180460
"Barbour, Alabama",19305
"Bibb, Alabama",17420
"Blount, Alabama",43700
"Bullock, Alabama",7875
"Butler, Alabama",14610
"Calhoun, Alabama",90155
"Chambers, Alabama",27180
"Cherokee, Alabama",20010
"Chilton, Alabama",33390
"Choctaw, Alabama",10110
"Clarke, Alabama",17880
"Clay, Alabama",11275
"Cleburne, Alabama",11590
"Coffee, Alabama",39750
"Colbert, Alabama",44765
"Conecuh, Alabama",9195
"Coosa, Alabama",8625
"Covington, Alabama",29040
"Crenshaw, Alabama",9980
"Cullman, Alabama",67395
"Dale, Alabama",37380
"Dallas, Alabama",29035
"DeKalb, Alabama",50495
"Elmore, Alabama",67545
"Escambia, Alabama",28395
"Etowah, Alabama",79975
"Fayette, Alabama",12850
"Franklin, Alabama",22625
"Geneva, Alabama",20590
"Greene, Alabama",6010
"Hale, Alabama",11260
"Henry, Alabama",13725
"Houston, Alabama",81305
"Jackson, Alabama",41345
"Jefferson, Alabama",505125
"Lamar, Alabama",10820
"Lauderdale, Alabama",74610
"Lawrence, Alabama",25715
"Lee, Alabama",133150
"Limestone, Alabama",79555
"Lowndes, Alabama",7860
"Macon, Alabama",15850
"Madison, Alabama",296455
"Marengo, Alabama",14700
"Marion, Alabama",22920
"Marshall, Alabama",68675
"Mobile, Alabama",312105
"Monroe, Alabama",15590
"Montgomery, Alabama",168315
"Morgan, Alabama",90715
"Perry, Alabama",6640
"Pickens, Alabama",14635
"Pike, Alabama",25915
"Randolph, Alabama",17400
"Russell, Alabama",44160
"St. Clair, Alabama",70770
"Shelby, Alabama",167350
"Sumter, Alabama",9775
"Talladega, Alabama",63400
"Tallapoosa, Alabama",32455
"Tuscaloosa, Alabama",179855
"Walker, Alabama",50110
"Washington, Alabama",12240
"Wilcox, Alabama",8015
"Winston, Alabama",18555
"Aleutians East Borough, Alaska",2200
"Aleutians West Census Area, Alaska",3095
"Anchorage Municipality, Alaska",211540
"Bethel Census Area, Alaska",11935
"Bristol Bay Borough, Alaska",650
"Chugach Census Area, Alaska",5195
"Copper River Census Area, Alaska",1905
"Denali Borough, Alaska",1720
"Dillingham Census Area, Alaska",3325
"Fairbanks North Star Borough, Alaska",71015
"Haines Borough, Alaska",1405
"Hoonah-Angoon Census Area, Alaska",1990
"Juneau City and Borough, Alaska",24710
"Kenai Peninsula Borough, Alaska",45335
"Ketchikan Gateway Borough, Alaska",10665
"Kodiak Island Borough, Alaska",8805
"Kusilvak Census Area, Alaska",4890
"Lake and Peninsula Borough, Alaska",700
"Matanuska-Susitna Borough, Alaska",79125
"Nome Census Area, Alaska",6550
"North Slope Borough, Alaska",8065
"Northwest Arctic Borough, Alaska",4820
"Petersburg Borough, Alaska",2510
"Prince of Wales-Hyder Census Area, Alaska",4470
"Sitka City and Borough, Alaska",6325
"Skagway Municipality, Alaska",1055
"Southeast Fairbanks Census Area, Alaska",4910
"Wrangell City and Borough, Alaska",1610
"Yakutat City and Borough, Alaska",400
"Yukon-Koyukuk Census Area, Alaska",3815
"Apache, Arizona",48085
"Cochise, Arizona",94115
"Coconino, Arizona",111990
"Gila, Arizona",42340
"Graham, Arizona",27940
"Greenlee, Arizona",6745
"La Paz, Arizona",12680
"Maricopa, Arizona",3079625
"Mohave, Arizona",172945
"Navajo, Arizona",78420
"Pima, Arizona",775515
"Pinal, Arizona",317925
"Santa Cruz, Arizona",28835
"Yavapai, Arizona",192905
"Yuma, Arizona",128480
"Arkansas, Arkansas",12990
"Ashley, Arkansas",14410
"Baxter, Arkansas",34165
"Benton, Arkansas",192770
"Boone, Arkansas",28895
"Bradley, Arkansas",7355
"Calhoun, Arkansas",3865
"Carroll, Arkansas",20305
"Chicot, Arkansas",7820
"Clark, Arkansas",17010
"Clay, Arkansas",11455
"Cleburne, Arkansas",20090
"Cleveland, Arkansas",5980
"Columbia, Arkansas",17725
"Conway, Arkansas",15745
"Craighead, Arkansas",80735
"Crawford, Arkansas",44890
"Crittenden, Arkansas",34560
"Cross, Arkansas",12590
"Dallas, Arkansas",5140
"Desha, Arkansas",8120
"Drew, Arkansas",13230
"Faulkner, Arkansas",94265
"Franklin, Arkansas",13200
"Fulton, Arkansas",9595
"Garland, Arkansas",78185
"Grant, Arkansas",13915
"Greene, Arkansas",34625
"Hempstead, Arkansas",13935
"Hot Spring, Arkansas",26530
"Howard, Arkansas",8730
"Independence, Arkansas",28090
"Izard, Arkansas",11305
"Jackson, Arkansas",13450
"Jefferson, Arkansas",52050
"Johnson, Arkansas",17980
"Lafayette, Arkansas",5010
"Lawrence, Arkansas",12475
"Lee, Arkansas",6955
"Lincoln, Arkansas",10880
"Little River, Arkansas",9320
"Logan, Arkansas",16645
"Lonoke, Arkansas",54850
"Madison, Arkansas",12685
"Marion, Arkansas",13655
"Miller, Arkansas",32205
"Mississippi, Arkansas",29355
"Monroe, Arkansas",5315
"Montgomery, Arkansas",6830
"Nevada, Arkansas",6420
"Newton, Arkansas",5825
"Ouachita, Arkansas",17495
"Perry, Arkansas",7745
"Phillips, Arkansas",11935
"Pike, Arkansas",7655
"Poinsett, Arkansas",17355
"Polk, Arkansas",14520
"Pope, Arkansas",47315
"Prairie, Arkansas",6555
"Pulaski, Arkansas",295670
"Randolph, Arkansas",13885
"St. Francis, Arkansas",17590
"Saline, Arkansas",93305
"Scott, Arkansas",7475
"Searcy, Arkansas",6260
"Sebastian, Arkansas",91950
"Sevier, Arkansas",9460
"Sharp, Arkansas",13640
"Stone, Arkansas",9915
"Union, Arkansas",28945
"Van Buren, Arkansas",12670
"Washington, Arkansas",170905
"White, Arkansas",58080
"Woodruff, Arkansas",4885
"Yell, Arkansas",14120
"Alameda, California",1104010
"Alpine, California",1150
"Amador, California",33475
"Butte, California",163370
"Calaveras, California",36995
"Colusa, California",12605
"Contra Costa, California",791470
"Del Norte, California",20655
"El Dorado, California",147070
"Fresno, California",624635
"Glenn, California",18545
"Humboldt, California",106755
"Imperial, California",103945
"Inyo, California",14335
"Kern, California",543555
"Kings, California",95475
"Lake, California",50220
"Lassen, California",25095
"Los Angeles, California",6410095
"Madera, California",94435
"Marin, California",188120
"Mariposa, California",13470
"Mendocino, California",66235
"Merced, California",158800
"Modoc, California",6785
"Mono, California",9445
"Monterey, California",241250
"Napa, California",96315
"Nevada, California",81715
"Orange, California",2127355
"Placer, California",301335
"Plumas, California",15990
"Riverside, California",1610450
"Sacramento, California",1095810
"San Benito, California",41830
"San Bernardino, California",1406300
"San Diego, California",2304925
"San Francisco, California",633650
"San Joaquin, California",487135
"San Luis Obispo, California",220680
"San Mateo, California",502615
"Santa Barbara, California",287625
"Santa Clara, California",1176135
"Santa Cruz, California",193475
"Shasta, California",138510
"Sierra, California",2445
"Siskiyou, California",34190
"Solano, California",318515
"Sonoma, California",354880
"Stanislaus, California",349335
"Sutter, California",63935
"Tehama, California",46600
"Trinity, California",12720
"Tulare, California",268455
"Tuolumne, California",44720
"Ventura, California",573110
"Yolo, California",149865
"Yuba, California",55535
"Adams, Colorado",343020
"Alamosa, Colorado",12140
"Arapahoe, Colorado",458910
"Archuleta, Colorado",10855
"Baca, Colorado",2670
"Bent, Colorado",4455
"Boulder, Colorado",253805
"Broomfield, Colorado",54720
"Chaffee, Colorado",16250
"Cheyenne, Colorado",1240
"Clear Creek, Colorado",8145
"Conejos, Colorado",5530
"Costilla, Colorado",2745
"Crowley, Colorado",4910
"Custer, Colorado",3970
"Delta, Colorado",24525
"Denver, Colorado",528920
"Dolores, Colorado",1980
"Douglas, Colorado",261405
"Eagle, Colorado",38985
"Elbert, Colorado",20575
"El Paso, Colorado",539170
"Fremont, Colorado",40730
"Garfield, Colorado",41370
"Gilpin, Colorado",4570
"Grand, Colorado",12665
"Gunnison, Colorado",14070
"Hinsdale, Colorado",805
"Huerfano, Colorado",5755
"Jackson, Colorado",1180
"Jefferson, Colorado",455520
"Kiowa, Colorado",985
"Kit Carson, Colorado",4970
"Lake, Colorado",5585
"La Plata, Colorado",45210
"Larimer, Colorado",282090
"Las Animas, Colorado",11435
"Lincoln, Colorado",4515
"Logan, Colorado",16815
"Mesa, Colorado",120045
"Mineral, Colorado",700
"Moffat, Colorado",9430
"Montezuma, Colorado",20090
"Montrose, Colorado",32335
"Morgan, Colorado",19420
"Otero, Colorado",13890
"Ouray, Colorado",4240
"Park, Colorado",14895
"Phillips, Colorado",3005
"Pitkin, Colorado",13965
"Prowers, Colorado",8550
"Pueblo, Colorado",127410
"Rio Blanco, Colorado",4785
"Rio Grande, Colorado",8695
"Routt, Colorado",20065
"Saguache, Colorado",5065
"San Juan, Colorado",580
"San Miguel, Colorado",6350
"Sedgwick, Colorado",1800
"Summit, Colorado",24525
"Teller, Colorado",20300
"Washington, Colorado",3640
"Weld, Colorado",229960
"Yuma, Colorado",6330
"Capitol Planning Region, Connecticut",722460
"Greater Bridgeport Planning Region, Connecticut",224015
"Lower Connecticut River Valley Planning Region, Connecticut",140155
"Naugatuck Valley Planning Region, Connecticut",336010
"Northeastern Connecticut Planning Region, Connecticut",74605
"Northwest Hills Planning Region, Connecticut",86880
"South Central Connecticut Planning Region, Connecticut",425735
"Southeastern Connecticut Planning Region, Connecticut",217070
"Western Connecticut Planning Region, Connecticut",419790
"Kent, Delaware",136265
"New Castle, Delaware",421210
"Sussex, Delaware",188635
"District of Columbia, District of Columbia",503685
"Alachua, Florida",217480
"Baker, Florida",21125
"Bay, Florida",137845
"Bradford, Florida",22215
"Brevard, Florida",484110
"Broward, Florida",1303070
"Calhoun, Florida",10745
"Charlotte, Florida",161200
"Citrus, Florida",130125
"Clay, Florida",165155
"Collier, Florida",274930
"Columbia, Florida",53185
"DeSoto, Florida",25110
"Dixie, Florida",13510
"Duval, Florida",729890
"Escambia, Florida",247205
"Flagler, Florida",94170
"Franklin, Florida",10100
"Gadsden, Florida",32965
"Gilchrist, Florida",13920
"Glades, Florida",9630
"Gulf, Florida",12490
"Hamilton, Florida",10485
"Hardee, Florida",17410
"Hendry, Florida",24055
"Hernando, Florida",156050
"Highlands, Florida",80145
"Hillsborough, Florida",1032790
"Holmes, Florida",15390
"Indian River, Florida",130885
"Jackson, Florida",38310
"Jefferson, Florida",11725
"Lafayette, Florida",6370
"Lake, Florida",298770
"Lee, Florida",581905
"Leon, Florida",231935
"Levy, Florida",33810
"Liberty, Florida",6130
"Madison, Florida",14340
"Manatee, Florida",310025
"Marion, Florida",297665
"Martin, Florida",127485
"Miami-Dade, Florida",1635635
"Monroe, Florida",63130
"Nassau, Florida",72585
"Okaloosa, Florida",157725
"Okeechobee, Florida",29185
"Orange, Florida",981685
"Osceola, Florida",259570
"Palm Beach, Florida",1056415
"Pasco, Florida",433170
"Pinellas, Florida",770945
"Polk, Florida",536830
"Putnam, Florida",55730
"St. Johns, Florida",211195
"St. Lucie, Florida",251210
"Santa Rosa, Florida",144985
"Sarasota, Florida",360930
"Seminole, Florida",348860
"Sumter, Florida",119935
"Suwannee, Florida",33605
"Taylor, Florida",16865
"Union, Florida",12000
"Volusia, Florida",445850
"Wakulla, Florida",26265
"Walton, Florida",59130
"Washington, Florida",19475
"Appling, Georgia",13090
"Atkinson, Georgia",5205
"Bacon, Georgia",8055
"Baker, Georgia",2280
"Baldwin, Georgia",35055
"Banks, Georgia",13870
"Barrow, Georgia",59865
"Bartow, Georgia",80885
"Ben Hill, Georgia",12640
"Berrien, Georgia",13705
"Bibb, Georgia",116915
"Bleckley, Georgia",9925
"Brantley, Georgia",13665
"Brooks, Georgia",12540
"Bryan, Georgia",31115
"Bulloch, Georgia",62385
"Burke, Georgia",17950
"Butts, Georgia",20070
"Calhoun, Georgia",4480
"Camden, Georgia",41315
"Candler, Georgia",7565
"Carroll, Georgia",88135
"Catoosa, Georgia",52345
"Charlton, Georgia",9890
"Chatham, Georgia",225415
"Chattahoochee, Georgia",7205
"Chattooga, Georgia",18825
"Cherokee, Georgia",191790
"Clarke, Georgia",99885
"Clay, Georgia",2170
"Clayton, Georgia",197730
"Clinch, Georgia",4760
"Cobb, Georgia",535160
"Coffee, Georgia",30875
"Colquitt, Georgia",30505
"Columbia, Georgia",113580
"Cook, Georgia",12505
"Coweta, Georgia",108260
"Crawford, Georgia",9580
"Crisp, Georgia",15340
"Dade, Georgia",12875
"Dawson, Georgia",21570
"Decatur, Georgia",21460
"DeKalb, Georgia",532965
"Dodge, Georgia",15875
"Dooly, Georgia",9070
"Dougherty, Georgia",63495
"Douglas, Georgia",101650
"Early, Georgia",8035
"Echols, Georgia",2650
"Effingham, Georgia",47265
"Elbert, Georgia",14980
"Emanuel, Georgia",16715
"Evans, Georgia",7495
"Fannin, Georgia",21165
"Fayette, Georgia",86990
"Floyd, Georgia",71870
"Forsyth, Georgia",162535
"Franklin, Georgia",17685
"Fulton, Georgia",772350
"Gilmer, Georgia",24795
"Glascock, Georgia",2280
"Glynn, Georgia",64630
"Gordon, Georgia",41045
"Grady, Georgia",18470
"Greene, Georgia",15175
"Gwinnett, Georgia",591850
"Habersham, Georgia",32950
"Hall, Georgia",133065
"Hancock, Georgia",7365
"Haralson, Georgia",22835
"Harris, Georgia",27245
"Hart, Georgia",20335
"Heard, Georgia",8750
"Henry, Georgia",175205
"Houston, Georgia",118735
"Irwin, Georgia",7355
"Jackson, Georgia",55915
"Jasper, Georgia",11195
"Jeff Davis, Georgia",10565
"Jefferson, Georgia",11600
"Jenkins, Georgia",6930
"Johnson, Georgia",7485
"Jones, Georgia",21720
"Lamar, Georgia",14690
"Lanier, Georgia",7425
"Laurens, Georgia",36955
"Lee, Georgia",23970
"Liberty, Georgia",45630
"Lincoln, Georgia",6095
"Long, Georgia",11850
"Lowndes, Georgia",87675
"Lumpkin, Georgia",27055
"McDuffie, Georgia",16115
"McIntosh, Georgia",9470
"Macon, Georgia",9600
"Madison, Georgia",22890
"Marion, Georgia",5635
"Meriwether, Georgia",16230
"Miller, Georgia",4490
"Mitchell, Georgia",16375
"Monroe, Georgia",22275
"Montgomery, Georgia",6745
"Morgan, Georgia",15530
"Murray, Georgia",28655
"Muscogee, Georgia",149905
"Newton, Georgia",81140
"Oconee, Georgia",29825
"Oglethorpe, Georgia",11685
"Paulding, Georgia",121295
"Peach, Georgia",21680
"Pickens, Georgia",26595
"Pierce, Georgia",14650
"Pike, Georgia",14540
"Polk, Georgia",30070
"Pulaski, Georgia",7870
"Putnam, Georgia",17440
"Quitman, Georgia",1925
"Rabun, Georgia",13735
"Randolph, Georgia",4760
"Richmond, Georgia",156275
"Rockdale, Georgia",67750
"Schley, Georgia",3455
"Screven, Georgia",11100
"Seminole, Georgia",7270
"Spalding, Georgia",50730
"Stephens, Georgia",20610
"Stewart, Georgia",3545
"Sumter, Georgia",22340
"Talbot, Georgia",4845
"Taliaferro, Georgia",1365
"Tattnall, Georgia",18305
"Taylor, Georgia",6160
"Telfair, Georgia",8785
"Terrell, Georgia",6835
"Thomas, Georgia",34255
"Tift, Georgia",29430
"Toombs, Georgia",18740
"Towns, Georgia",10860
"Treutlen, Georgia",4855
"Troup, Georgia",51210
"Turner, Georgia",6440
"Twiggs, Georgia",6390
"Union, Georgia",20720
"Upson, Georgia",20995
"Walker, Georgia",53140
"Walton, Georgia",72405
"Ware, Georgia",26550
"Warren, Georgia",4135
"Washington, Georgia",15555
"Wayne, Georgia",22425
"Webster, Georgia",1860
"Wheeler, Georgia",6325
"White, Georgia",22610
"Whitfield, Georgia",66125
"Wilcox, Georgia",6910
"Wilkes, Georgia",7415
"Wilkinson, Georgia",6695
"Worth, Georgia",15940
"Hawaii, Hawaii",147780
"Honolulu, Hawaii",732090
"Kalawao, Hawaii",50
"Kauai, Hawaii",52955
"Maui, Hawaii",117860
"Ada, Idaho",372775
"Adams, Idaho",3695
"Bannock, Idaho",63645
"Bear Lake, Idaho",4660
"Benewah, Idaho",7535
"Bingham, Idaho",32410
"Blaine, Idaho",16885
"Boise, Idaho",6500
"Bonner, Idaho",38180
"Bonneville, Idaho",84390
"Boundary, Idaho",9125
"Butte, Idaho",1915
"Camas, Idaho",780
"Canyon, Idaho",160230
"Caribou, Idaho",4870
"Cassia, Idaho",15655
"Clark, Idaho",415
"Clearwater, Idaho",7405
"Custer, Idaho",3665
"Elmore, Idaho",20370
"Franklin, Idaho",9725
"Fremont, Idaho",9735
"Gem, Idaho",14330
"Gooding, Idaho",10095
"Idaho, Idaho",13420
"Jefferson, Idaho",20190
"Jerome, Idaho",14150
"Kootenai, Idaho",132880
"Latah, Idaho",31530
"Lemhi, Idaho",6620
"Lewis, Idaho",2805
"Lincoln, Idaho",3325
"Madison, Idaho",40440
"Minidoka, Idaho",13890
"Nez Perce, Idaho",32990
"Oneida, Idaho",3275
"Owyhee, Idaho",8225
"Payette, Idaho",18215
"Power, Idaho",4750
"Shoshone, Idaho",10540
"Teton, Idaho",8350
"Twin Falls, Idaho",62795
"Valley, Idaho",9690
"Washington, Idaho",7870
"Adams, Illinois",50570
"Alexander, Illinois",4105
"Bond, Illinois",13550
"Boone, Illinois",37745
"Brown, Illinois",5185
"Bureau, Illinois",25740
"Calhoun, Illinois",3565
"Carroll, Illinois",12660
"Cass, Illinois",8850
"Champaign, Illinois",151205
"Christian, Illinois",26625
"Clark, Illinois",11870
"Clay, Illinois",10205
"Clinton, Illinois",28700
"Coles, Illinois",38235
"Cook, Illinois",3616985
"Crawford, Illinois",14890
"Cumberland, Illinois",8005
"DeKalb, Illinois",75495
"De Witt, Illinois",12110
"Douglas, Illinois",14580
"DuPage, Illinois",654550
"Edgar, Illinois",13505
"Edwards, Illinois",4740
"Effingham, Illinois",25955
"Fayette, Illinois",16970
"Ford, Illinois",10280
"Franklin, Illinois",29330
"Fulton, Illinois",26810
"Gallatin, Illinois",4005
"Greene, Illinois",9405
"Grundy, Illinois",38935
"Hamilton, Illinois",6240
"Hancock, Illinois",13800
"Hardin, Illinois",3150
"Henderson, Illinois",5165
"Henry, Illinois",38095
"Iroquois, Illinois",20685
"Jackson, Illinois",41590
"Jasper, Illinois",7150
"Jefferson, Illinois",28575
"Jersey, Illinois",17115
"Jo Daviess, Illinois",17790
"Johnson, Illinois",10505
"Kane, Illinois",347745
"Kankakee, Illinois",80535
"Kendall, Illinois",90010
"Knox, Illinois",38655
"Lake, Illinois",485975
"LaSalle, Illinois",84315
"Lawrence, Illinois",12240
"Lee, Illinois",27010
"Livingston, Illinois",27710
"Logan, Illinois",22410
"McDonough, Illinois",22310
"McHenry, Illinois",227430
"McLean, Illinois",128840
"Macon, Illinois",79015
"Macoupin, Illinois",35385
"Madison, Illinois",206570
"Marion, Illinois",28505
"Marshall, Illinois",9225
"Mason, Illinois",10360
"Massac, Illinois",10980
"Menard, Illinois",9475
"Mercer, Illinois",12400
"Monroe, Illinois",27135
"Montgomery, Illinois",22565
"Morgan, Illinois",26475
"Moultrie, Illinois",10800
"Ogle, Illinois",39180
"Peoria, Illinois",133445
"Perry, Illinois",16780
"Piatt, Illinois",13000
"Pike, Illinois",11365
"Pope, Illinois",3155
"Pulaski, Illinois",4105
"Putnam, Illinois",4500
"Randolph, Illinois",23900
"Richland, Illinois",11980
"Rock Island, Illinois",106130
"St. Clair, Illinois",194075
"Saline, Illinois",18655
"Sangamon, Illinois",150650
"Schuyler, Illinois",5605
"Scott, Illinois",3835
"Shelby, Illinois",16415
"Stark, Illinois",4200
"Stephenson, Illinois",34545
"Tazewell, Illinois",100930
"Union, Illinois",13425
"Vermilion, Illinois",56270
"Wabash, Illinois",8745
"Warren, Illinois",12575
"Washington, Illinois",10835
"Wayne, Illinois",12305
"White, Illinois",10810
"Whiteside, Illinois",42620
"Will, Illinois",493645
"Williamson, Illinois",51835
"Winnebago, Illinois",205975
"Woodford, Illinois",29005
"Adams, Indiana",24505
"Allen, Indiana",274420
"Bartholomew, Indiana",56425
"Benton, Indiana",6425
"Blackford, Indiana",9350
"Boone, Indiana",51740
"Brown, Indiana",12720
"Carroll, Indiana",15725
"Cass, Indiana",27130
"Clark, Indiana",92020
"Clay, Indiana",20215
"Clinton, Indiana",22310
"Crawford, Indiana",8230
"Daviess, Indiana",22900
"Dearborn, Indiana",39275
"Decatur, Indiana",19890
"DeKalb, Indiana",32625
"Delaware, Indiana",90830
"Dubois, Indiana",31755
"Elkhart, Indiana",140760
"Fayette, Indiana",18130
"Floyd, Indiana",61235
"Fountain, Indiana",12800
"Franklin, Indiana",17540
"Fulton, Indiana",15225
"Gibson, Indiana",24775
"Grant, Indiana",51765
"Greene, Indiana",24090
"Hamilton, Indiana",245220
"Hancock, Indiana",61020
"Harrison, Indiana",30630
"Hendricks, Indiana",128720
"Henry, Indiana",38865
"Howard, Indiana",63850
"Huntington, Indiana",28380
"Jackson, Indiana",33320
"Jasper, Indiana",24970
"Jay, Indiana",15140
"Jefferson, Indiana",26195
"Jennings, Indiana",21060
"Johnson, Indiana",119340
"Knox, Indiana",27895
"Kosciusko, Indiana",59335
"LaGrange, Indiana",27060
"Lake, Indiana",367615
"LaPorte, Indiana",86535
"Lawrence, Indiana",35335
"Madison, Indiana",101325
"Marion, Indiana",674985
"Marshall, Indiana",33315
"Martin, Indiana",7660
"Miami, Indiana",28065
"Monroe, Indiana",111105
"Montgomery, Indiana",28495
"Morgan, Indiana",55445
"Newton, Indiana",10675
"Noble, Indiana",34485
"Ohio, Indiana",4735
"Orange, Indiana",15225
"Owen, Indiana",16975
"Parke, Indiana",12685
"Perry, Indiana",15070
"Pike, Indiana",9595
"Porter, Indiana",133200
"Posey, Indiana",19615
"Pulaski, Indiana",9705
"Putnam, Indiana",29160
"Randolph, Indiana",18670
"Ripley, Indiana",22030
"Rush, Indiana",12955
"St. Joseph, Indiana",199720
"Scott, Indiana",18775
"Shelby, Indiana",33945
"Spencer, Indiana",15370
"Starke, Indiana",17850
"Steuben, Indiana",27435
"Sullivan, Indiana",16585
"Switzerland, Indiana",7490
"Tippecanoe, Indiana",134760
"Tipton, Indiana",12060
"Union, Indiana",5530
"Vanderburgh, Indiana",138000
"Vermillion, Indiana",12050
"Vigo, Indiana",83000
"Wabash, Indiana",24440
"Warren, Indiana",6590
"Warrick, Indiana",48030
"Washington, Indiana",21700
"Wayne, Indiana",50355
"Wells, Indiana",21060
"White, Indiana",18130
"Whitley, Indiana",26280
"Adair, Iowa",5800
"Adams, Iowa",2895
"Allamakee, Iowa",10330
"Appanoose, Iowa",9510
"Audubon, Iowa",4375
"Benton, Iowa",19675
"Black Hawk, Iowa",98845
"Boone, Iowa",21000
"Bremer, Iowa",19250
"Buchanan, Iowa",15165
"Buena Vista, Iowa",12855
"Butler, Iowa",11000
"Calhoun, Iowa",7710
"Carroll, Iowa",15545
"Cass, Iowa",10175
"Cedar, Iowa",14320
"Cerro Gordo, Iowa",33700
"Cherokee, Iowa",9020
"Chickasaw, Iowa",9045
"Clarke, Iowa",7020
"Clay, Iowa",12550
"Clayton, Iowa",13300
"Clinton, Iowa",35605
"Crawford, Iowa",11130
"Dallas, Iowa",69665
"Davis, Iowa",6355
"Decatur, Iowa",5860
"Delaware, Iowa",13335
"Des Moines, Iowa",29590
"Dickinson, Iowa",14010
"Dubuque, Iowa",74915
"Emmet, Iowa",7365
"Fayette, Iowa",15140
"Floyd, Iowa",12010
"Franklin, Iowa",7255
"Fremont, Iowa",5130
"Greene, Iowa",6820
"Grundy, Iowa",9345
"Guthrie, Iowa",8185
"Hamilton, Iowa",11190
"Hancock, Iowa",8380
"Hardin, Iowa",13375
"Harrison, Iowa",11220
"Henry, Iowa",15840
"Howard, Iowa",6980
"Humboldt, Iowa",7180
"Ida, Iowa",5240
"Iowa, Iowa",12590
"Jackson, Iowa",15105
"Jasper, Iowa",29050
"Jefferson, Iowa",11855
"Johnson, Iowa",113510
"Jones, Iowa",16355
"Keokuk, Iowa",7670
"Kossuth, Iowa",11250
"Lee, Iowa",26160
"Linn, Iowa",171810
"Louisa, Iowa",7855
"Lucas, Iowa",6605
"Lyon, Iowa",8525
"Madison, Iowa",12440
"Mahaska, Iowa",16660
"Marion, Iowa",25455
"Marshall, Iowa",26960
"Mills, Iowa",10985
"Mitchell, Iowa",7935
"Monona, Iowa",6760
"Monroe, Iowa",5770
"Montgomery, Iowa",7955
"Muscatine, Iowa",30935
"O'Brien, Iowa",10475
"Osceola, Iowa",4580
"Page, Iowa",12255
"Palo Alto, Iowa",6745
"Plymouth, Iowa",18645
"Pocahontas, Iowa",5360
"Polk, Iowa",350695
"Pottawattamie, Iowa",69865
"Poweshiek, Iowa",14475
"Ringgold, Iowa",3535
"Sac, Iowa",7435
"Scott, Iowa",130235
"Shelby, Iowa",9025
"Sioux, Iowa",25090
"Story, Iowa",77110
"Tama, Iowa",12400
"Taylor, Iowa",4375
"Union, Iowa",9140
"Van Buren, Iowa",5530
"Wapello, Iowa",25400
"Warren, Iowa",39515
"Washington, Iowa",16575
"Wayne, Iowa",4765
"Webster, Iowa",28585
"Winnebago, Iowa",8290
"Winneshiek, Iowa",16085
"Woodbury, Iowa",73210
"Worth, Iowa",5860
"Wright, Iowa",9285
"Allen, Kansas",9550
"Anderson, Kansas",5855
"Atchison, Kansas",12605
"Barber, Kansas",3060
"Barton, Kansas",18760
"Bourbon, Kansas",10570
"Brown, Kansas",7015
"Butler, Kansas",49620
"Chase, Kansas",1950
"Chautauqua, Kansas",2595
"Cherokee, Kansas",14845
"Cheyenne, Kansas",1960
"Clark, Kansas",1470
"Clay, Kansas",6160
"Cloud, Kansas",6695
"Coffey, Kansas",6490
"Comanche, Kansas",1410
"Cowley, Kansas",25895
"Crawford, Kansas",30085
"Decatur, Kansas",2185
"Dickinson, Kansas",14210
"Doniphan, Kansas",5970
"Douglas, Kansas",93465
"Edwards, Kansas",2025
"Elk, Kansas",1890
"Ellis, Kansas",22475
"Ellsworth, Kansas",5170
"Finney, Kansas",22285
"Ford, Kansas",19190
"Franklin, Kansas",19570
"Geary, Kansas",23980
"Gove, Kansas",2025
"Graham, Kansas",1930
"Grant, Kansas",4065
"Gray, Kansas",3545
"Greeley, Kansas",865
"Greenwood, Kansas",4690
"Hamilton, Kansas",1390
"Harper, Kansas",3985
"Harvey, Kansas",25355
"Haskell, Kansas",2195
"Hodgeman, Kansas",1315
"Jackson, Kansas",9795
"Jefferson, Kansas",14170
"Jewell, Kansas",2315
"Johnson, Kansas",442140
"Kearny, Kansas",2480
"Kingman, Kansas",5760
"Kiowa, Kansas",1815
"Labette, Kansas",15165
"Lane, Kansas",1175
"Leavenworth, Kansas",61390
"Lincoln, Kansas",2265
"Linn, Kansas",7525
"Logan, Kansas",2020
"Lyon, Kansas",23040
"McPherson, Kansas",23080
"Marion, Kansas",9295
"Marshall, Kansas",7530
"Meade, Kansas",2715
"Miami, Kansas",26025
"Mitchell, Kansas",4475
"Montgomery, Kansas",23580
"Morris, Kansas",4185
"Morton, Kansas",1800
"Nemaha, Kansas",7410
"Neosho, Kansas",11780
"Ness, Kansas",2020
"Norton, Kansas",4325
"Osage, Kansas",12025
"Osborne, Kansas",2730
"Ottawa, Kansas",4410
"Pawnee, Kansas",5380
"Phillips, Kansas",3825
"Pottawatomie, Kansas",17860
"Pratt, Kansas",6835
"Rawlins, Kansas",1930
"Reno, Kansas",47245
"Republic, Kansas",3585
"Rice, Kansas",7095
"Riley, Kansas",57655
"Rooks, Kansas",3880
"Rush, Kansas",2320
"Russell, Kansas",5180
"Saline, Kansas",40710
"Scott, Kansas",3420
"Sedgwick, Kansas",369210
"Seward, Kansas",11535
"Shawnee, Kansas",132925
"Sheridan, Kansas",1775
"Sherman, Kansas",4455
"Smith, Kansas",2860
"Stafford, Kansas",2945
"Stanton, Kansas",1355
"Stevens, Kansas",3265
"Sumner, Kansas",16900
"Thomas, Kansas",5745
"Trego, Kansas",2260
"Wabaunsee, Kansas",5305
"Wallace, Kansas",1115
"Washington, Kansas",4150
"Wichita, Kansas",1520
"Wilson, Kansas",6560
"Woodson, Kansas",2490
"Wyandotte, Kansas",103995
"Adair, Kentucky",14660
"Allen, Kentucky",15770
"Anderson, Kentucky",18185
"Ballard, Kentucky",6155
"Barren, Kentucky",33555
"Bath, Kentucky",9515
"Bell, Kentucky",18980
"Boone, Kentucky",96865
"Bourbon, Kentucky",15065
"Boyd, Kentucky",37690
"Boyle, Kentucky",24115
"Bracken, Kentucky",6425
"Breathitt, Kentucky",10750
"Breckinridge, Kentucky",15845
"Bullitt, Kentucky",63660
"Butler, Kentucky",9250
"Caldwell, Kentucky",9690
"Calloway, Kentucky",30090
"Campbell, Kentucky",72810
"Carlisle, Kentucky",3665
"Carroll, Kentucky",7815
"Carter, Kentucky",20595
"Casey, Kentucky",12175
"Christian, Kentucky",51880
"Clark, Kentucky",28350
"Clay, Kentucky",15975
"Clinton, Kentucky",7195
"Crittenden, Kentucky",6945
"Cumberland, Kentucky",4630
"Daviess, Kentucky",76065
"Edmonson, Kentucky",9900
"Elliott, Kentucky",6095
"Estill, Kentucky",10970
"Fayette, Kentucky",236825
"Fleming, Kentucky",11350
"Floyd, Kentucky",27735
"Franklin, Kentucky",39325
"Fulton, Kentucky",5100
"Gallatin, Kentucky",6640
"Garrard, Kentucky",13170
"Grant, Kentucky",18410
"Graves, Kentucky",27535
"Grayson, Kentucky",20030
"Green, Kentucky",8800
"Greenup, Kentucky",28080
"Hancock, Kentucky",6855
"Hardin, Kentucky",81905
"Harlan, Kentucky",20380
"Harrison, Kentucky",14460
"Hart, Kentucky",14535
"Henderson, Kentucky",34410
"Henry, Kentucky",11880
"Hickman, Kentucky",3590
"Hopkins, Kentucky",34485
"Jackson, Kentucky",9985
"Jefferson, Kentucky",576835
"Jessamine, Kentucky",39850
"Johnson, Kentucky",17525
"Kenton, Kentucky",125840
"Knott, Kentucky",11395
"Knox, Kentucky",23005
"Larue, Kentucky",11510
"Laurel, Kentucky",48035
"Lawrence, Kentucky",12190
"Lee, Kentucky",5825
"Leslie, Kentucky",8220
"Letcher, Kentucky",16865
"Lewis, Kentucky",10060
"Lincoln, Kentucky",18455
"Livingston, Kentucky",7145
"Logan, Kentucky",20855
"Lyon, Kentucky",7385
"McCracken, Kentucky",52410
"McCreary, Kentucky",13145
"McLean, Kentucky",6975
"Madison, Kentucky",72525
"Magoffin, Kentucky",9010
"Marion, Kentucky",14690
"Marshall, Kentucky",25220
"Martin, Kentucky",9055
"Mason, Kentucky",13055
"Meade, Kentucky",23140
"Menifee, Kentucky",4810
"Mercer, Kentucky",17375
"Metcalfe, Kentucky",7830
"Monroe, Kentucky",8620
"Montgomery, Kentucky",21480
"Morgan, Kentucky",11125
"Muhlenberg, Kentucky",24065
"Nelson, Kentucky",35380
"Nicholas, Kentucky",5795
"Ohio, Kentucky",17615
"Oldham, Kentucky",50055
"Owen, Kentucky",8780
"Owsley, Kentucky",3305
"Pendleton, Kentucky",11160
"Perry, Kentucky",21415
"Pike, Kentucky",46105
"Powell, Kentucky",9935
"Pulaski, Kentucky",49975
"Robertson, Kentucky",1645
"Rockcastle, Kentucky",12695
"Rowan, Kentucky",19565
"Russell, Kentucky",13730
"Scott, Kentucky",42465
"Shelby, Kentucky",35530
"Simpson, Kentucky",14945
"Spencer, Kentucky",14965
"Taylor, Kentucky",19855
"Todd, Kentucky",8750
"Trigg, Kentucky",10905
"Trimble, Kentucky",6595
"Union, Kentucky",10890
"Warren, Kentucky",97310
"Washington, Kentucky",9200
"Wayne, Kentucky",15325
"Webster, Kentucky",9690
"Whitley, Kentucky",27160
"Wolfe, Kentucky",5065
"Woodford, Kentucky",20075
"Acadia Parish, Louisiana",42495
"Allen Parish, Louisiana",16290
"Ascension Parish, Louisiana",90660
"Assumption Parish, Louisiana",16540
"Avoyelles Parish, Louisiana",29890
"Beauregard Parish, Louisiana",27160
"Bienville Parish, Louisiana",9935
"Bossier Parish, Louisiana",94525
"Caddo Parish, Louisiana",178015
"Calcasieu Parish, Louisiana",155315
"Caldwell Parish, Louisiana",7430
"Cameron Parish, Louisiana",4145
"Catahoula Parish, Louisiana",6940
"Claiborne Parish, Louisiana",11495
"Concordia Parish, Louisiana",13880
"De Soto Parish, Louisiana",20375
"East Baton Rouge Parish, Louisiana",338915
"East Carroll Parish, Louisiana",5695
"East Feliciana Parish, Louisiana",16075
"Evangeline Parish, Louisiana",23210
"Franklin Parish, Louisiana",14820
"Grant Parish, Louisiana",17040
"Iberia Parish, Louisiana",51330
"Iberville Parish, Louisiana",23570
"Jackson Parish, Louisiana",11680
"Jefferson Parish, Louisiana",312105
"Jefferson Davis Parish, Louisiana",23995
"Lafayette Parish, Louisiana",179200
"Lafourche Parish, Louisiana",73770
"LaSalle Parish, Louisiana",11445
"Lincoln Parish, Louisiana",38010
"Livingston Parish, Louisiana",104190
"Madison Parish, Louisiana",7400
"Morehouse Parish, Louisiana",19465
"Natchitoches Parish, Louisiana",28770
"Orleans Parish, Louisiana",296255
"Ouachita Parish, Louisiana",119080
"Plaquemines Parish, Louisiana",17050
"Pointe Coupee Parish, Louisiana",16145
"Rapides Parish, Louisiana",95730
"Red River Parish, Louisiana",5825
"Richland Parish, Louisiana",15240
"Sabine Parish, Louisiana",16940
"St. Bernard Parish, Louisiana",31755
"St. Charles Parish, Louisiana",38635
"St. Helena Parish, Louisiana",8495
"St. James Parish, Louisiana",15445
"St. John the Baptist Parish, Louisiana",31100
"St. Landry Parish, Louisiana",60085
"St. Martin Parish, Louisiana",38795
"St. Mary Parish, Louisiana",36185
"St. Tammany Parish, Louisiana",198355
"Tangipahoa Parish, Louisiana",100000
"Tensas Parish, Louisiana",3200
"Terrebonne Parish, Louisiana",80015
"Union Parish, Louisiana",16215
"Vermilion Parish, Louisiana",42370
"Vernon Parish, Louisiana",35630
"Washington Parish, Louisiana",34870
"Webster Parish, Louisiana",28185
"West Baton Rouge Parish, Louisiana",20620
"West Carroll Parish, Louisiana",7490
"West Feliciana Parish, Louisiana",12715
"Winn Parish, Louisiana",10590
"Androscoggin, Maine",85600
"Aroostook, Maine",54045
"Cumberland, Maine",240560
"Franklin, Maine",24355
"Hancock, Maine",45920
"Kennebec, Maine",99210
"Knox, Maine",33230
"Lincoln, Maine",29315
"Oxford, Maine",47505
"Penobscot, Maine",123350
"Piscataquis, Maine",13915
"Sagadahoc, Maine",29650
"Somerset, Maine",40910
"Waldo, Maine",32230
"Washington, Maine",24845
"York, Maine",171235
"Allegany, Maryland",55605
"Anne Arundel, Maryland",436575
"Baltimore, Maryland",629170
"Calvert, Maryland",70925
"Caroline, Maryland",24255
"Carroll, Maryland",132440
"Cecil, Maryland",78970
"Charles, Maryland",123070
"Dorchester, Maryland",25110
"Frederick, Maryland",197980
"Garrett, Maryland",23490
"Harford, Maryland",199230
"Howard, Maryland",229440
"Kent, Maryland",15835
"Montgomery, Maryland",685025
"Prince George's, Maryland",633380
"Queen Anne's, Maryland",38710
"St. Mary's, Maryland",84110
"Somerset, Maryland",20040
"Talbot, Maryland",29400
"Washington, Maryland",117185
"Wicomico, Maryland",76540
"Worcester, Maryland",42570
"Baltimore city, Maryland",442180
"Barnstable, Massachusetts",187565
"Berkshire, Massachusetts",105025
"Bristol, Massachusetts",433020
"Dukes, Massachusetts",15190
"Essex, Massachusetts",579200
"Franklin, Massachusetts",57440
"Hampden, Massachusetts",351605
"Hampshire, Massachusetts",124440
"Middlesex, Massachusetts",1146285
"Nantucket, Massachusetts",10150
"Norfolk, Massachusetts",524025
"Plymouth, Massachusetts",399755
"Suffolk, Massachusetts",549765
"Worcester, Massachusetts",633685
"Alcona, Michigan",8870
"Alger, Michigan",7210
"Allegan, Michigan",89870
"Alpena, Michigan",23345
"Antrim, Michigan",19375
"Arenac, Michigan",12220
"Baraga, Michigan",6820
"Barry, Michigan",48490
"Bay, Michigan",82935
"Benzie, Michigan",14830
"Berrien, Michigan",117045
"Branch, Michigan",33160
"Calhoun, Michigan",100755
"Cass, Michigan",40595
"Charlevoix, Michigan",21305
"Cheboygan, Michigan",21490
"Chippewa, Michigan",29590
"Clare, Michigan",24790
"Clinton, Michigan",61110
"Crawford, Michigan",10825
"Delta, Michigan",29615
"Dickinson, Michigan",20690
"Eaton, Michigan",85050
"Emmet, Michigan",27635
"Genesee, Michigan",310995
"Gladwin, Michigan",20600
"Gogebic, Michigan",12160
"Grand Traverse, Michigan",75860
"Gratiot, Michigan",33210
"Hillsdale, Michigan",35740
"Houghton, Michigan",28630
"Huron, Michigan",25245
"Ingham, Michigan",213155
"Ionia, Michigan",52055
"Iosco, Michigan",20965
"Iron, Michigan",9580
"Isabella, Michigan",52650
"Jackson, Michigan",125370
"Kalamazoo, Michigan",198010
"Kalkaska, Michigan",14195
"Kent, Michigan",474805
"Keweenaw, Michigan",1760
"Lake, Michigan",10410
"Lapeer, Michigan",69385
"Leelanau, Michigan",18810
"Lenawee, Michigan",77560
"Livingston, Michigan",152620
"Luce, Michigan",4410
"Mackinac, Michigan",8785
"Macomb, Michigan",669295
"Manistee, Michigan",20550
"Marquette, Michigan",54110
"Mason, Michigan",23110
"Mecosta, Michigan",32095
"Menominee, Michigan",19080
"Midland, Michigan",65080
"Missaukee, Michigan",11555
"Monroe, Michigan",121000
"Montcalm, Michigan",52015
"Montmorency, Michigan",7850
"Muskegon, Michigan",134640
"Newaygo, Michigan",38505
"Oakland, Michigan",944990
"Oceana, Michigan",19865
"Ogemaw, Michigan",16930
"Ontonagon, Michigan",5170
"Osceola, Michigan",17765
"Oscoda, Michigan",6630
"Otsego, Michigan",19790
"Ottawa, Michigan",221190
"Presque Isle, Michigan",10980
"Roscommon, Michigan",19945
"Saginaw, Michigan",147510
"St. Clair, Michigan",125980
"St. Joseph, Michigan",44745
"Sanilac, Michigan",31870
"Schoolcraft, Michigan",6640
"Shiawassee, Michigan",53645
"Tuscola, Michigan",42215
"Van Buren, Michigan",55785
"Washtenaw, Michigan",281585
"Wayne, Michigan",1300680
"Wexford, Michigan",25870
"Aitkin, Minnesota",13230
"Anoka, Minnesota",268140
"Becker, Minnesota",26600
"Beltrami, Minnesota",34450
"Benton, Minnesota",29925
"Big Stone, Minnesota",4020
"Blue Earth, Minnesota",53270
"Brown, Minnesota",20025
"Carlton, Minnesota",28085
"Carver, Minnesota",77310
"Cass, Minnesota",23930
"Chippewa, Minnesota",9070
"Chisago, Minnesota",43650
"Clay, Minnesota",48065
"Clearwater, Minnesota",6380
"Cook, Minnesota",4645
"Cottonwood, Minnesota",8215
"Crow Wing, Minnesota",52255
"Dakota, Minnesota",317505
"Dodge, Minnesota",15155
"Douglas, Minnesota",30565
"Faribault, Minnesota",10705
"Fillmore, Minnesota",15880
"Freeborn, Minnesota",23255
"Goodhue, Minnesota",36530
"Grant, Minnesota",4660
"Hennepin, Minnesota",928120
"Houston, Minnesota",14665
"Hubbard, Minnesota",16855
"Isanti, Minnesota",31150
"Itasca, Minnesota",35800
"Jackson, Minnesota",7725
"Kanabec, Minnesota",12645
"Kandiyohi, Minnesota",31075
"Kittson, Minnesota",3250
"Koochiching, Minnesota",9785
"Lac qui Parle, Minnesota",5280
"Lake, Minnesota",8820
"Lake of the Woods, Minnesota",3050
"Le Sueur, Minnesota",21600
"Lincoln, Minnesota",4280
"Lyon, Minnesota",18070
"McLeod, Minnesota",27965
"Mahnomen, Minnesota",3680
"Marshall, Minnesota",6880
"Martin, Minnesota",15415
"Meeker, Minnesota",17535
"Mille Lacs, Minnesota",20260
"Morrison, Minnesota",26005
"Mower, Minnesota",27685
"Murray, Minnesota",6255
"Nicollet, Minnesota",26230
"Nobles, Minnesota",13580
"Norman, Minnesota",4870
"Olmsted, Minnesota",116650
"Otter Tail, Minnesota",46600
"Pennington, Minnesota",10740
"Pine, Minnesota",23320
"Pipestone, Minnesota",6620
"Polk, Minnesota",23170
"Pope, Minnesota",8915
"Ramsey, Minnesota",391665
"Red Lake, Minnesota",2945
"Redwood, Minnesota",11475
"Renville, Minnesota",11075
"Rice, Minnesota",49520
"Rock, Minnesota",7185
"Roseau, Minnesota",11445
"St. Louis, Minnesota",161050
"Scott, Minnesota",106435
"Sherburne, Minnesota",71350
"Sibley, Minnesota",11115
"Stearns, Minnesota",117455
"Steele, Minnesota",27385
"Stevens, Minnesota",7230
"Swift, Minnesota",7315
"Todd, Minnesota",18585
"Traverse, Minnesota",2580
"Wabasha, Minnesota",16620
"Wadena, Minnesota",10245
"Waseca, Minnesota",14255
"Washington, Minnesota",197905
"Watonwan, Minnesota",7670
"Wilkin, Minnesota",5045
"Winona, Minnesota",40115
"Wright, Minnesota",101940
"Yellow Medicine, Minnesota",7210
"Adams, Mississippi",21670
"Alcorn, Mississippi",26640
"Amite, Mississippi",10060
"Attala, Mississippi",13330
"Benton, Mississippi",5715
"Bolivar, Mississippi",22835
"Calhoun, Mississippi",9845
"Carroll, Mississippi",8160
"Chickasaw, Mississippi",12430
"Choctaw, Mississippi",6470
"Claiborne, Mississippi",7070
"Clarke, Mississippi",12055
"Clay, Mississippi",14370
"Coahoma, Mississippi",15310
"Copiah, Mississippi",21730
"Covington, Mississippi",13780
"DeSoto, Mississippi",135925
"Forrest, Mississippi",59115
"Franklin, Mississippi",5915
"George, Mississippi",17795
"Greene, Mississippi",11030
"Grenada, Mississippi",16120
"Hancock, Mississippi",36720
"Harrison, Mississippi",156000
"Hinds, Mississippi",170920
"Holmes, Mississippi",12625
"Humphreys, Mississippi",5720
"Issaquena, Mississippi",1080
"Itawamba, Mississippi",18780
"Jackson, Mississippi",109155
"Jasper, Mississippi",12575
"Jefferson, Mississippi",5600
"Jefferson Davis, Mississippi",9050
"Jones, Mississippi",49280
"Kemper, Mississippi",7335
"Lafayette, Mississippi",44810
"Lamar, Mississippi",48035
"Lauderdale, Mississippi",55105
"Lawrence, Mississippi",8870
"Leake, Mississippi",16040
"Lee, Mississippi",61285
"Leflore, Mississippi",20030
"Lincoln, Mississippi",26650
"Lowndes, Mississippi",44040
"Madison, Mississippi",80405
"Marion, Mississippi",18650
"Marshall, Mississippi",26740
"Monroe, Mississippi",26315
"Montgomery, Mississippi",7545
"Neshoba, Mississippi",20880
"Newton, Mississippi",16150
"Noxubee, Mississippi",7670
"Oktibbeha, Mississippi",40960
"Panola, Mississippi",25000
"Pearl River, Mississippi",43415
"Perry, Mississippi",8925
"Pike, Mississippi",29735
"Pontotoc, Mississippi",22290
"Prentiss, Mississippi",19225
"Quitman, Mississippi",4710
"Rankin, Mississippi",119820
"Scott, Mississippi",19275
"Sharkey, Mississippi",2975
"Simpson, Mississippi",19570
"Smith, Mississippi",10975
"Stone, Mississippi",14365
"Sunflower, Mississippi",20125
"Tallahatchie, Mississippi",9865
"Tate, Mississippi",21460
"Tippah, Mississippi",16245
"Tishomingo, Mississippi",14445
"Tunica, Mississippi",6980
"Union, Mississippi",20350
"Walthall, Mississippi",10605
"Warren, Mississippi",33450
"Washington, Mississippi",33190
"Wayne, Mississippi",14460
"Webster, Mississippi",7565
"Wilkinson, Mississippi",6750
"Winston, Mississippi",13825
"Yalobusha, Mississippi",9770
"Yazoo, Mississippi",21135
"Adair, Missouri",19950
"Andrew, Missouri",13880
"Atchison, Missouri",4165
"Audrain, Missouri",19010
"Barry, Missouri",26105
"Barton, Missouri",8905
"Bates, Missouri",12280
"Benton, Missouri",16105
"Bollinger, Missouri",8375
"Boone, Missouri",140460
"Buchanan, Missouri",64110
"Butler, Missouri",32275
"Caldwell, Missouri",6735
"Callaway, Missouri",35110
"Camden, Missouri",35235
"Cape Girardeau, Missouri",63185
"Carroll, Missouri",6585
"Carter, Missouri",4135
"Cass, Missouri",82085
"Cedar, Missouri",10820
"Chariton, Missouri",5705
"Christian, Missouri",65910
"Clark, Missouri",5045
"Clay, Missouri",188705
"Clinton, Missouri",16055
"Cole, Missouri",58775
"Cooper, Missouri",13100
"Crawford, Missouri",17810
"Dade, Missouri",6025
"Dallas, Missouri",12975
"Daviess, Missouri",6280
"DeKalb, Missouri",9570
"Dent, Missouri",11120
"Douglas, Missouri",9105
"Dunklin, Missouri",20285
"Franklin, Missouri",80460
"Gasconade, Missouri",11725
"Gentry, Missouri",4615
"Greene, Missouri",232280
"Grundy, Missouri",7335
"Harrison, Missouri",6140
"Henry, Missouri",17210
"Hickory, Missouri",7025
"Holt, Missouri",3395
"Howard, Missouri",7885
"Howell, Missouri",30160
"Iron, Missouri",7485
"Jackson, Missouri",528060
"Jasper, Missouri",89830
"Jefferson, Missouri",173875
"Johnson, Missouri",41465
"Knox, Missouri",2805
"Laclede, Missouri",26910
"Lafayette, Missouri",25095
"Lawrence, Missouri",27920
"Lewis, Missouri",7775
"Lincoln, Missouri",44890
"Linn, Missouri",9040
"Livingston, Missouri",11210
"McDonald, Missouri",15805
"Macon, Missouri",11560
"Madison, Missouri",9610
"Maries, Missouri",6690
"Marion, Missouri",21795
"Mercer, Missouri",2600
"Miller, Missouri",18890
"Mississippi, Missouri",9525
"Moniteau, Missouri",11340
"Monroe, Missouri",6715
"Montgomery, Missouri",8825
"Morgan, Missouri",16305
"New Madrid, Missouri",12430
"Newton, Missouri",43785
"Nodaway, Missouri",17410
"Oregon, Missouri",6725
"Osage, Missouri",10285
"Ozark, Missouri",6990
"Pemiscot, Missouri",11495
"Perry, Missouri",14455
"Pettis, Missouri",30720
"Phelps, Missouri",34255
"Pike, Missouri",13630
"Platte, Missouri",79990
"Polk, Missouri",24425
"Pulaski, Missouri",40800
"Putnam, Missouri",3620
"Ralls, Missouri",8180
"Randolph, Missouri",19175
"Ray, Missouri",17810
"Reynolds, Missouri",4970
"Ripley, Missouri",8260
"St. Charles, Missouri",307290
"St. Clair, Missouri",7395
"Ste. Genevieve, Missouri",14535
"St. Francois, Missouri",52200
"St. Louis, Missouri",751160
"Saline, Missouri",17470
"Schuyler, Missouri",2980
"Scotland, Missouri",3320
"Scott, Missouri",28830
"Shannon, Missouri",5560
"Shelby, Missouri",4570
"Stoddard, Missouri",22370
"Stone, Missouri",25925
"Sullivan, Missouri",4310
"Taney, Missouri",43760
"Texas, Missouri",19460
"Vernon, Missouri",14925
"Warren, Missouri",27305
"Washington, Missouri",17945
"Wayne, Missouri",8890
"Webster, Missouri",28340
"Worth, Missouri",1580
"Wright, Missouri",13645
"St. Louis city, Missouri",233295
"Beaverhead, Montana",7760
"Big Horn, Montana",8735
"Blaine, Montana",4905
"Broadwater, Montana",5615
"Carbon, Montana",8700
"Carter, Montana",1085
"Cascade, Montana",65270
"Chouteau, Montana",4515
"Custer, Montana",9535
"Daniels, Montana",1230
"Dawson, Montana",6945
"Deer Lodge, Montana",8135
"Fallon, Montana",2180
"Fergus, Montana",9220
"Flathead, Montana",81785
"Gallatin, Montana",94645
"Garfield, Montana",755
"Glacier, Montana",9640
"Golden Valley, Montana",710
"Granite, Montana",2775
"Hill, Montana",11650
"Jefferson, Montana",9695
"Judith Basin, Montana",1515
"Lake, Montana",23965
"Lewis and Clark, Montana",55720
"Liberty, Montana",1465
"Lincoln, Montana",16185
"McCone, Montana",1450
"Madison, Montana",7315
"Meagher, Montana",1630
"Mineral, Montana",3665
"Missoula, Montana",95065
"Musselshell, Montana",3935
"Park, Montana",14320
"Petroleum, Montana",345
"Phillips, Montana",3165
"Pondera, Montana",4530
"Powder River, Montana",1445
"Powell, Montana",5945
"Prairie, Montana",935
"Ravalli, Montana",36215
"Richland, Montana",8210
"Roosevelt, Montana",7140
"Rosebud, Montana",5810
"Sanders, Montana",10355
"Sheridan, Montana",2865
"Silver Bow, Montana",27915
"Stillwater, Montana",7095
"Sweet Grass, Montana",2945
"Teton, Montana",4680
"Toole, Montana",3910
"Treasure, Montana",550
"Valley, Montana",5815
"Wheatland, Montana",1625
"Wibaux, Montana",820
"Yellowstone, Montana",125860
"Adams, Nebraska",22345
"Antelope, Nebraska",4705
"Arthur, Nebraska",330
"Banner, Nebraska",495
"Blaine, Nebraska",325
"Boone, Nebraska",4095
"Box Butte, Nebraska",7625
"Boyd, Nebraska",1415
"Brown, Nebraska",2135
"Buffalo, Nebraska",37640
"Burt, Nebraska",5170
"Butler, Nebraska",6265
"Cass, Nebraska",20365
"Cedar, Nebraska",6210
"Chase, Nebraska",2650
"Cherry, Nebraska",4125
"Cheyenne, Nebraska",7215
"Clay, Nebraska",4455
"Colfax, Nebraska",5550
"Cuming, Nebraska",6415
"Custer, Nebraska",7920
"Dakota, Nebraska",13055
"Dawes, Nebraska",6775
"Dawson, Nebraska",15355
"Deuel, Nebraska",1540
"Dixon, Nebraska",3870
"Dodge, Nebraska",26775
"Douglas, Nebraska",403875
"Dundy, Nebraska",1395
"Fillmore, Nebraska",4485
"Franklin, Nebraska",2330
"Frontier, Nebraska",1975
"Furnas, Nebraska",3570
"Gage, Nebraska",16670
"Garden, Nebraska",1365
"Garfield, Nebraska",1450
"Gosper, Nebraska",1500
"Grant, Nebraska",490
"Greeley, Nebraska",1690
"Hall, Nebraska",40430
"Hamilton, Nebraska",7035
"Harlan, Nebraska",2330
"Hayes, Nebraska",690
"Hitchcock, Nebraska",1980
"Holt, Nebraska",7415
"Hooker, Nebraska",515
"Howard, Nebraska",4830
"Jefferson, Nebraska",5560
"Johnson, Nebraska",4175
"Kearney, Nebraska",4790
"Keith, Nebraska",6535
"Keya Paha, Nebraska",705
"Kimball, Nebraska",2715
"Knox, Nebraska",6340
"Lancaster, Nebraska",237635
"Lincoln, Nebraska",26200
"Logan, Nebraska",595
"Loup, Nebraska",490
"McPherson, Nebraska",370
"Madison, Nebraska",25170
"Merrick, Nebraska",5870
"Morrill, Nebraska",3425
"Nance, Nebraska",2605
"Nemaha, Nebraska",5460
"Nuckolls, Nebraska",3260
"Otoe, Nebraska",11630
"Pawnee, Nebraska",1945
"Perkins, Nebraska",2105
"Phelps, Nebraska",6680
"Pierce, Nebraska",5400
"Platte, Nebraska",23310
"Polk, Nebraska",3905
"Red Willow, Nebraska",8265
"Richardson, Nebraska",6135
"Rock, Nebraska",1015
"Saline, Nebraska",9300
"Sarpy, Nebraska",135770
"Saunders, Nebraska",16830
"Scotts Bluff, Nebraska",26340
"Seward, Nebraska",13470
"Sheridan, Nebraska",3970
"Sherman, Nebraska",2340
"Sioux, Nebraska",875
"Stanton, Nebraska",4360
"Thayer, Nebraska",3835
"Thomas, Nebraska",505
"Thurston, Nebraska",4295
"Valley, Nebraska",3145
"Washington, Nebraska",15695
"Wayne, Nebraska",7515
"Webster, Nebraska",2630
"Wheeler, Nebraska",630
"York, Nebraska",10765
"Churchill, Nevada",19180
"Clark, Nevada",1533570
"Douglas, Nevada",40570
"Elko, Nevada",37610
"Esmeralda, Nevada",810
"Eureka, Nevada",1200
"Humboldt, Nevada",11890
"Lander, Nevada",4015
"Lincoln, Nevada",3475
"Lyon, Nevada",44680
"Mineral, Nevada",3610
"Nye, Nevada",41375
"Pershing, Nevada",5060
"Storey, Nevada",3340
"Washoe, Nevada",349965
"White Pine, Nevada",7030
"Carson City, Nevada",42910
"Belknap, New Hampshire",51880
"Carroll, New Hampshire",42700
"Cheshire, New Hampshire",62175
"Coos, New Hampshire",26110
"Grafton, New Hampshire",74045
"Hillsborough, New Hampshire",322065
"Merrimack, New Hampshire",122865
"Rockingham, New Hampshire",251030
"Strafford, New Hampshire",105145
"Sullivan, New Hampshire",35435
"Atlantic, New Jersey",199910
"Bergen, New Jersey",661860
"Burlington, New Jersey",351580
"Camden, New Jersey",380595
"Cape May, New Jersey",76695
"Cumberland, New Jersey",107360
"Essex, New Jersey",550315
"Gloucester, New Jersey",232245
"Hudson, New Jersey",432755
"Hunterdon, New Jersey",100140
"Mercer, New Jersey",259415
"Middlesex, New Jersey",568605
"Monmouth, New Jersey",483435
"Morris, New Jersey",369820
"Ocean, New Jersey",466310
"Passaic, New Jersey",329945
"Salem, New Jersey",50125
"Somerset, New Jersey",239215
"Sussex, New Jersey",113840
"Union, New Jersey",361870
"Warren, New Jersey",84920
"Bernalillo, New Mexico",499635
"Catron, New Mexico",3165
"Chaves, New Mexico",45030
"Cibola, New Mexico",20420
"Colfax, New Mexico",9955
"Curry, New Mexico",32670
"De Baca, New Mexico",1260
"Doña Ana, New Mexico",150865
"Eddy, New Mexico",43025
"Grant, New Mexico",22075
"Guadalupe, New Mexico",3390
"Harding, New Mexico",510
"Hidalgo, New Mexico",3105
"Lea, New Mexico",42260
"Lincoln, New Mexico",16320
"Los Alamos, New Mexico",14325
"Luna, New Mexico",16165
"McKinley, New Mexico",50740
"Mora, New Mexico",3525
"Otero, New Mexico",49440
"Quay, New Mexico",6655
"Rio Arriba, New Mexico",29695
"Roosevelt, New Mexico",13450
"Sandoval, New Mexico",112700
"San Juan, New Mexico",88600
"San Miguel, New Mexico",22140
"Santa Fe, New Mexico",117210
"Sierra, New Mexico",9390
"Socorro, New Mexico",12280
"Taos, New Mexico",27475
"Torrance, New Mexico",11655
"Union, New Mexico",3125
"Valencia, New Mexico",55825
"Albany, New York",244355
"Allegany, New York",37615
"Bronx, New York",878535
"Broome, New York",153990
"Cattaraugus, New York",59725
"Cayuga, New York",60550
"Chautauqua, New York",100295
"Chemung, New York",64770
"Chenango, New York",36965
"Clinton, New York",63280
"Columbia, New York",49685
"Cortland, New York",37610
"Delaware, New York",36870
"Dutchess, New York",229000
"Erie, New York",734310
"Essex, New York",30690
"Franklin, New York",37265
"Fulton, New York",42325
"Genesee, New York",45720
"Greene, New York",39675
"Hamilton, New York",4415
"Herkimer, New York",47360
"Jefferson, New York",87545
"Kings, New York",1743640
"Lewis, New York",20440
"Livingston, New York",50075
"Madison, New York",54475
"Monroe, New York",580195
"Montgomery, New York",37700
"Nassau, New York",1001620
"New York, New York",1208340
"Niagara, New York",166975
"Oneida, New York",175345
"Onondaga, New York",359780
"Ontario, New York",88725
"Orange, New York",280300
"Orleans, New York",31985
"Oswego, New York",92695
"Otsego, New York",49585
"Putnam, New York",74480
"Queens, New York",1467560
"Rensselaer, New York",126255
"Richmond, New York",351200
"Rockland, New York",216530
"St. Lawrence, New York",85230
"Saratoga, New York",185875
"Schenectady, New York",120495
"Schoharie, New York",24490
"Schuyler, New York",14345
"Seneca, New York",26665
"Steuben, New York",72130
"Suffolk, New York",1118095
"Sullivan, New York",58695
"Tioga, New York",38110
"Tompkins, New York",79880
"Ulster, New York",145500
"Warren, New York",53165
"Washington, New York",49405
"Wayne, New York",71440
"Westchester, New York",692240
"Wyoming, New York",31845
"Yates, New York",19175
"Alamance, North Carolina",125815
"Alexander, North Carolina",28915
"Alleghany, North Carolina",8910
"Anson, North Carolina",17335
"Ashe, North Carolina",21830
"Avery, North Carolina",14770
"Beaufort, North Carolina",34950
"Bertie, North Carolina",14705
"Bladen, North Carolina",23165
"Brunswick, North Carolina",117830
"Buncombe, North Carolina",212185
"Burke, North Carolina",69875
"Cabarrus, North Carolina",159750
"Caldwell, North Carolina",63160
"Camden, North Carolina",7990
"Carteret, North Carolina",55765
"Caswell, North Carolina",18200
"Catawba, North Carolina",119850
"Chatham, North Carolina",57405
"Cherokee, North Carolina",23960
"Chowan, North Carolina",10970
"Clay, North Carolina",9260
"Cleveland, North Carolina",76345
"Columbus, North Carolina",39515
"Craven, North Carolina",77200
"Cumberland, North Carolina",242600
"Currituck, North Carolina",21940
"Dare, North Carolina",29420
"Davidson, North Carolina",127825
"Davie, North Carolina",32765
"Duplin, North Carolina",33070
"Durham, North Carolina",233235
"Edgecombe, North Carolina",36985
"Forsyth, North Carolina",276705
"Franklin, North Carolina",52465
"Gaston, North Carolina",172055
"Gates, North Carolina",8290
"Graham, North Carolina",6290
"Granville, North Carolina",46790
"Greene, North Carolina",15315
"Guilford, North Carolina",394455
"Halifax, North Carolina",37655
"Harnett, North Carolina",95705
"Haywood, North Carolina",50185
"Henderson, North Carolina",90625
"Hertford, North Carolina",17180
"Hoke, North Carolina",36670
"Hyde, North Carolina",3575
"Iredell, North Carolina",138560
"Jackson, North Carolina",34170
"Johnston, North Carolina",153810
"Jones, North Carolina",7430
"Lee, North Carolina",44025
"Lenoir, North Carolina",41540
"Lincoln, North Carolina",67680
"McDowell, North Carolina",34760
"Macon, North Carolina",29395
"Madison, North Carolina",17505
"Martin, North Carolina",17375
"Mecklenburg, North Carolina",766290
"Mitchell, North Carolina",11955
"Montgomery, North Carolina",19000
"Moore, North Carolina",76835
"Nash, North Carolina",71710
"New Hanover, North Carolina",181215
"Northampton, North Carolina",14305
"Onslow, North Carolina",151360
"Orange, North Carolina",109365
"Pamlico, North Carolina",10305
"Pasquotank, North Carolina",31225
"Pender, North Carolina",46835
"Perquimans, North Carolina",10515
"Person, North Carolina",30625
"Pitt, North Carolina",130030
"Polk, North Carolina",16125
"Randolph, North Carolina",106005
"Richmond, North Carolina",32430
"Robeson, North Carolina",84770
"Rockingham, North Carolina",70600
"Rowan, North Carolina",109275
"Rutherford, North Carolina",50785
"Sampson, North Carolina",40750
"Scotland, North Carolina",26010
"Stanly, North Carolina",48115
"Stokes, North Carolina",36190
"Surry, North Carolina",53825
"Swain, North Carolina",10790
"Transylvania, North Carolina",27520
"Tyrrell, North Carolina",2670
"Union, North Carolina",165665
"Vance, North Carolina",31075
"Wake, North Carolina",794395
"Warren, North Carolina",15105
"Washington, North Carolina",8720
"Watauga, North Carolina",46910
"Wayne, North Carolina",84550
"Wilkes, North Carolina",51520
"Wilson, North Carolina",58245
"Yadkin, North Carolina",28205
"Yancey, North Carolina",14785
"Adams, North Dakota",1645
"Barnes, North Dakota",8420
"Benson, North Dakota",3835
"Billings, North Dakota",655
"Bottineau, North Dakota",4880
"Bowman, North Dakota",2220
"Burke, North Dakota",1625
"Burleigh, North Dakota",73950
"Cass, North Dakota",137175
"Cavalier, North Dakota",2815
"Dickey, North Dakota",3635
"Divide, North Dakota",1635
"Dunn, North Dakota",2960
"Eddy, North Dakota",1835
"Emmons, North Dakota",2655
"Foster, North Dakota",2645
"Golden Valley, North Dakota",1370
"Grand Forks, North Dakota",55095
"Grant, North Dakota",1750
"Griggs, North Dakota",1815
"Hettinger, North Dakota",2005
"Kidder, North Dakota",1830
"LaMoure, North Dakota",3230
"Logan, North Dakota",1440
"McHenry, North Dakota",4015
"McIntosh, North Dakota",2020
"McKenzie, North Dakota",9370
"McLean, North Dakota",7520
"Mercer, North Dakota",6400
"Morton, North Dakota",25335
"Mountrail, North Dakota",6800
"Nelson, North Dakota",2320
"Oliver, North Dakota",1360
"Pembina, North Dakota",5305
"Pierce, North Dakota",3085
"Ramsey, North Dakota",8755
"Ransom, North Dakota",4330
"Renville, North Dakota",1710
"Richland, North Dakota",12860
"Rolette, North Dakota",8175
"Sargent, North Dakota",3000
"Sheridan, North Dakota",1135
"Sioux, North Dakota",2500
"Slope, North Dakota",670
"Stark, North Dakota",23410
"Steele, North Dakota",1385
"Stutsman, North Dakota",17025
"Towner, North Dakota",1600
"Traill, North Dakota",6140
"Walsh, North Dakota",7935
"Ward, North Dakota",51235
"Wells, North Dakota",3090
"Williams, North Dakota",26215
"Adams, Ohio",20840
"Allen, Ohio",77500
"Ashland, Ohio",40395
"Ashtabula, Ohio",75865
"Athens, Ohio",50545
"Auglaize, Ohio",35115
"Belmont, Ohio",54030
"Brown, Ohio",33670
"Butler, Ohio",283885
"Carroll, Ohio",21235
"Champaign, Ohio",30075
"Clark, Ohio",103860
"Clermont, Ohio",160070
"Clinton, Ohio",32000
"Columbiana, Ohio",80925
"Coshocton, Ohio",27850
"Crawford, Ohio",32390
"Cuyahoga, Ohio",967600
"Darke, Ohio",39275
"Defiance, Ohio",29260
"Delaware, Ohio",153225
"Erie, Ohio",59760
"Fairfield, Ohio",119150
"Fayette, Ohio",21815
"Franklin, Ohio",943690
"Fulton, Ohio",32435
"Gallia, Ohio",22375
"Geauga, Ohio",73455
"Greene, Ohio",130280
"Guernsey, Ohio",29845
"Hamilton, Ohio",616520
"Hancock, Ohio",57355
"Hardin, Ohio",23180
"Harrison, Ohio",11460
"Henry, Ohio",21030
"Highland, Ohio",32820
"Hocking, Ohio",22000
"Holmes, Ohio",30835
"Huron, Ohio",44145
"Jackson, Ohio",24735
"Jefferson, Ohio",52520
"Knox, Ohio",47895
"Lake, Ohio",182030
"Lawrence, Ohio",45230
"Licking, Ohio",136115
"Logan, Ohio",35265
"Lorain, Ohio",241900
"Lucas, Ohio",326185
"Madison, Ohio",34675
"Mahoning, Ohio",179900
"Marion, Ohio",51250
"Medina, Ohio",141155
"Meigs, Ohio",17320
"Mercer, Ohio",31010
"Miami, Ohio",82770
"Monroe, Ohio",10595
"Montgomery, Ohio",406495
"Morgan, Ohio",10945
"Morrow, Ohio",27180
"Muskingum, Ohio",66530
"Noble, Ohio",11505
"Ottawa, Ohio",33025
"Paulding, Ohio",14235
"Perry, Ohio",27000
"Pickaway, Ohio",46125
"Pike, Ohio",20645
"Portage, Ohio",129225
"Preble, Ohio",31775
"Putnam, Ohio",25490
"Richland, Ohio",97205
"Ross, Ohio",60425
"Sandusky, Ohio",45680
"Scioto, Ohio",57420
"Seneca, Ohio",42820
"Shelby, Ohio",36060
"Stark, Ohio",290745
"Summit, Ohio",416405
"Trumbull, Ohio",159915
"Tuscarawas, Ohio",70715
"Union, Ohio",46895
"Van Wert, Ohio",21995
"Vinton, Ohio",10010
"Warren, Ohio",176360
"Washington, Ohio",47440
"Wayne, Ohio",87300
"Williams, Ohio",28420
"Wood, Ohio",103075
"Wyandot, Ohio",16820
"Adair, Oklahoma",14265
"Alfalfa, Oklahoma",4490
"Atoka, Oklahoma",10925
"Beaver, Oklahoma",3370
"Beckham, Oklahoma",16320
"Blaine, Oklahoma",6085
"Bryan, Oklahoma",34955
"Caddo, Oklahoma",19600
"Canadian, Oklahoma",113205
"Carter, Oklahoma",35220
"Cherokee, Oklahoma",36295
"Choctaw, Oklahoma",10650
"Cimarron, Oklahoma",1665
"Cleveland, Oklahoma",225055
"Coal, Oklahoma",3980
"Comanche, Oklahoma",90225
"Cotton, Oklahoma",4235
"Craig, Oklahoma",10785
"Creek, Oklahoma",54515
"Custer, Oklahoma",20500
"Delaware, Oklahoma",32340
"Dewey, Oklahoma",3175
"Ellis, Oklahoma",2850
"Garfield, Oklahoma",43625
"Garvin, Oklahoma",18765
"Grady, Oklahoma",41765
"Grant, Oklahoma",3160
"Greer, Oklahoma",4340
"Harmon, Oklahoma",1855
"Harper, Oklahoma",2150
"Haskell, Oklahoma",8780
"Hughes, Oklahoma",10350
"Jackson, Oklahoma",17900
"Jefferson, Oklahoma",3965
"Johnston, Oklahoma",7880
"Kay, Oklahoma",32330
"Kingfisher, Oklahoma",10285
"Kiowa, Oklahoma",6345
"Latimer, Oklahoma",7375
"Le Flore, Oklahoma",35660
"Lincoln, Oklahoma",25625
"Logan, Oklahoma",37725
"Love, Oklahoma",7410
"McClain, Oklahoma",30990
"McCurtain, Oklahoma",22450
"McIntosh, Oklahoma",15325
"Major, Oklahoma",5560
"Marshall, Oklahoma",11250
"Mayes, Oklahoma",29925
"Murray, Oklahoma",10555
"Muskogee, Oklahoma",49415
"Noble, Oklahoma",8305
"Nowata, Oklahoma",7220
"Okfuskee, Oklahoma",8715
"Oklahoma, Oklahoma",546220
"Okmulgee, Oklahoma",28015
"Osage, Oklahoma",36020
"Ottawa, Oklahoma",22350
"Pawnee, Oklahoma",11945
"Payne, Oklahoma",63345
"Pittsburg, Oklahoma",33375
"Pontotoc, Oklahoma",28500
"Pottawatomie, Oklahoma",55180
"Pushmataha, Oklahoma",8460
"Roger Mills, Oklahoma",2505
"Rogers, Oklahoma",72655
"Seminole, Oklahoma",17580
"Sequoyah, Oklahoma",29840
"Stephens, Oklahoma",32675
"Texas, Oklahoma",11125
"Tillman, Oklahoma",5135
"Tulsa, Oklahoma",468215
"Wagoner, Oklahoma",60950
"Washington, Oklahoma",38835
"Washita, Oklahoma",8170
"Woods, Oklahoma",6760
"Woodward, Oklahoma",14670
"Baker, Oregon",13210
"Benton, Oregon",75225
"Clackamas, Oregon",318650
"Clatsop, Oregon",32745
"Columbia, Oregon",41445
"Coos, Oregon",52210
"Crook, Oregon",19940
"Curry, Oregon",19610
"Deschutes, Oregon",155785
"Douglas, Oregon",89150
"Gilliam, Oregon",1565
"Grant, Oregon",5930
"Harney, Oregon",5880
"Hood River, Oregon",15800
"Jackson, Oregon",170875
"Jefferson, Oregon",18055
"Josephine, Oregon",69715
"Klamath, Oregon",52775
"Lake, Oregon",6395
"Lane, Oregon",304160
"Lincoln, Oregon",40835
"Linn, Oregon",96890
"Malheur, Oregon",21335
"Marion, Oregon",236000
"Morrow, Oregon",7185
"Multnomah, Oregon",618250
"Polk, Oregon",65540
"Sherman, Oregon",1525
"Tillamook, Oregon",21560
"Umatilla, Oregon",55515
"Union, Oregon",20135
"Wallowa, Oregon",5930
"Wasco, Oregon",19085
"Washington, Oregon",417565
"Wheeler, Oregon",1145
"Yamhill, Oregon",79770
"Adams, Pennsylvania",82225
"Allegheny, Pennsylvania",978985
"Armstrong, Pennsylvania",52915
"Beaver, Pennsylvania",134190
"Bedford, Pennsylvania",38225
"Berks, Pennsylvania",320065
"Blair, Pennsylvania",97150
"Bradford, Pennsylvania",46470
"Bucks, Pennsylvania",497545
"Butler, Pennsylvania",154920
"Cambria, Pennsylvania",107410
"Cameron, Pennsylvania",3745
"Carbon, Pennsylvania",51995
"Centre, Pennsylvania",126880
"Chester, Pennsylvania",393105
"Clarion, Pennsylvania",30325
"Clearfield, Pennsylvania",64000
"Clinton, Pennsylvania",29985
"Columbia, Pennsylvania",53160
"Crawford, Pennsylvania",66395
"Cumberland, Pennsylvania",201755
"Dauphin, Pennsylvania",211995
"Delaware, Pennsylvania",427790
"Elk, Pennsylvania",24875
"Erie, Pennsylvania",209780
"Fayette, Pennsylvania",102725
"Forest, Pennsylvania",6050
"Franklin, Pennsylvania",119210
"Fulton, Pennsylvania",11610
"Greene, Pennsylvania",28830
"Huntingdon, Pennsylvania",36025
"Indiana, Pennsylvania",67635
"Jefferson, Pennsylvania",34815
"Juniata, Pennsylvania",17915
"Lackawanna, Pennsylvania",166535
"Lancaster, Pennsylvania",414665
"Lawrence, Pennsylvania",68405
"Lebanon, Pennsylvania",108990
"Lehigh, Pennsylvania",270400
"Luzerne, Pennsylvania",247335
"Lycoming, Pennsylvania",89385
"McKean, Pennsylvania",32115
"Mercer, Pennsylvania",89330
"Mifflin, Pennsylvania",35645
"Monroe, Pennsylvania",130910
"Montgomery, Pennsylvania",640425
"Montour, Pennsylvania",14015
"Northampton, Pennsylvania",243520
"Northumberland, Pennsylvania",73115
"Perry, Pennsylvania",35995
"Philadelphia, Pennsylvania",1149550
"Pike, Pennsylvania",47665
"Potter, Pennsylvania",12975
"Schuylkill, Pennsylvania",113685
"Snyder, Pennsylvania",31455
"Somerset, Pennsylvania",60170
"Sullivan, Pennsylvania",5155
"Susquehanna, Pennsylvania",31115
"Tioga, Pennsylvania",32975
"Union, Pennsylvania",34365
"Venango, Pennsylvania",40775
"Warren, Pennsylvania",30880
"Washington, Pennsylvania",167035
"Wayne, Pennsylvania",42235
"Westmoreland, Pennsylvania",287850
"Wyoming, Pennsylvania",20970
"York, Pennsylvania",349335
"Bristol, Rhode Island",40355
"Kent, Rhode Island",134875
"Newport, Rhode Island",69250
"Providence, Rhode Island",472700
"Washington, Rhode Island",107330
"Abbeville, South Carolina",19360
"Aiken, South Carolina",131020
"Allendale, South Carolina",6475
"Anderson, South Carolina",154685
"Bamberg, South Carolina",10540
"Barnwell, South Carolina",15575
"Beaufort, South Carolina",148060
"Berkeley, South Carolina",171730
"Calhoun, South Carolina",11395
"Charleston, South Carolina",319010
"Cherokee, South Carolina",42525
"Chester, South Carolina",24855
"Chesterfield, South Carolina",33250
"Clarendon, South Carolina",24880
"Colleton, South Carolina",29330
"Darlington, South Carolina",48620
"Dillon, South Carolina",20845
"Dorchester, South Carolina",118825
"Edgefield, South Carolina",20585
"Fairfield, South Carolina",16995
"Florence, South Carolina",102920
"Georgetown, South Carolina",51735
"Greenville, South Carolina",384530
"Greenwood, South Carolina",52535
"Hampton, South Carolina",14530
"Horry, South Carolina",283865
"Jasper, South Carolina",21955
"Kershaw, South Carolina",49555
"Lancaster, South Carolina",74020
"Laurens, South Carolina",51315
"Lee, South Carolina",13160
"Lexington, South Carolina",220480
"McCormick, South Carolina",8550
"Marion, South Carolina",22300
"Marlboro, South Carolina",21080
"Newberry, South Carolina",28495
"Oconee, South Carolina",62065
"Orangeburg, South Carolina",65480
"Pickens, South Carolina",103955
"Richland, South Carolina",315795
"Saluda, South Carolina",13920
"Spartanburg, South Carolina",242910
"Sumter, South Carolina",79020
"Union, South Carolina",21270
"Williamsburg, South Carolina",23990
"York, South Carolina",207580
"Aurora, South Dakota",1850
"Beadle, South Dakota",12820
"Bennett, South Dakota",2105
"Bon Homme, South Dakota",5705
"Brookings, South Dakota",26385
"Brown, South Dakota",27930
"Brule, South Dakota",3950
"Buffalo, South Dakota",1150
"Butte, South Dakota",7940
"Campbell, South Dakota",1175
"Charles Mix, South Dakota",6415
"Clark, South Dakota",2675
"Clay, South Dakota",11935
"Codington, South Dakota",21300
"Corson, South Dakota",2480
"Custer, South Dakota",7325
"Davison, South Dakota",15065
"Day, South Dakota",4225
"Deuel, South Dakota",3220
"Dewey, South Dakota",3260
"Douglas, South Dakota",2055
"Edmunds, South Dakota",3070
"Fall River, South Dakota",5810
"Faulk, South Dakota",1595
"Grant, South Dakota",5675
"Gregory, South Dakota",3030
"Haakon, South Dakota",1360
"Hamlin, South Dakota",3980
"Hand, South Dakota",2335
"Hanson, South Dakota",2380
"Harding, South Dakota",925
"Hughes, South Dakota",13370
"Hutchinson, South Dakota",5440
"Hyde, South Dakota",1035
"Jackson, South Dakota",1895
"Jerauld, South Dakota",1420
"Jones, South Dakota",705
"Kingsbury, South Dakota",3880
"Lake, South Dakota",8840
"Lawrence, South Dakota",21305
"Lincoln, South Dakota",46455
"Lyman, South Dakota",2625
"McCook, South Dakota",4090
"McPherson, South Dakota",1780
"Marshall, South Dakota",3245
"Meade, South Dakota",23175
"Mellette, South Dakota",1410
"Miner, South Dakota",1815
"Minnehaha, South Dakota",141015
"Moody, South Dakota",4580
"Oglala Lakota, South Dakota",8650
"Pennington, South Dakota",84830
"Perkins, South Dakota",2315
"Potter, South Dakota",1995
"Roberts, South Dakota",7270
"Sanborn, South Dakota",1705
"Spink, South Dakota",4860
"Stanley, South Dakota",2320
"Sully, South Dakota",1020
"Todd, South Dakota",5465
"Tripp, South Dakota",4285
"Turner, South Dakota",6440
"Union, South Dakota",12410
"Walworth, South Dakota",4090
"Yankton, South Dakota",17900
"Ziebach, South Dakota",1760
"Anderson, Tennessee",59755
"Bedford, Tennessee",35835
"Benton, Tennessee",12810
"Bledsoe, Tennessee",12200
"Blount, Tennessee",106995
"Bradley, Tennessee",82510
"Campbell, Tennessee",31130
"Cannon, Tennessee",11225
"Carroll, Tennessee",22045
"Carter, Tennessee",45445
"Cheatham, Tennessee",31595
"Chester, Tennessee",13580
"Claiborne, Tennessee",25775
"Clay, Tennessee",5970
"Cocke, Tennessee",28645
"Coffee, Tennessee",43140
"Crockett, Tennessee",10170
"Cumberland, Tennessee",50430
"Davidson, Tennessee",516180
"Decatur, Tennessee",9145
"DeKalb, Tennessee",15070
"Dickson, Tennessee",41730
"Dyer, Tennessee",27835
"Fayette, Tennessee",33965
"Fentress, Tennessee",14745
"Franklin, Tennessee",33820
"Gibson, Tennessee",37640
"Giles, Tennessee",23955
"Grainger, Tennessee",18585
"Greene, Tennessee",56470
"Grundy, Tennessee",10630
"Hamblen, Tennessee",46725
"Hamilton, Tennessee",280110
"Hancock, Tennessee",5285
"Hardeman, Tennessee",20515
"Hardin, Tennessee",21280
"Hawkins, Tennessee",45805
"Haywood, Tennessee",13715
"Henderson, Tennessee",21225
"Henry, Tennessee",25655
"Hickman, Tennessee",19720
"Houston, Tennessee",6435
"Humphreys, Tennessee",14635
"Jackson, Tennessee",9620
"Jefferson, Tennessee",43875
"Johnson, Tennessee",14840
"Knox, Tennessee",368780
"Lake, Tennessee",5840
"Lauderdale, Tennessee",19410
"Lawrence, Tennessee",33130
"Lewis, Tennessee",9770
"Lincoln, Tennessee",26900
"Loudon, Tennessee",43040
"McMinn, Tennessee",41300
"McNairy, Tennessee",20210
"Macon, Tennessee",18675
"Madison, Tennessee",74895
"Marion, Tennessee",22740
"Marshall, Tennessee",25860
"Maury, Tennessee",76625
"Meigs, Tennessee",10215
"Monroe, Tennessee",36270
"Montgomery, Tennessee",157195
"Moore, Tennessee",5275
"Morgan, Tennessee",16980
"Obion, Tennessee",23505
"Overton, Tennessee",17770
"Perry, Tennessee",6530
"Pickett, Tennessee",4115
"Polk, Tennessee",14135
"Putnam, Tennessee",61820
"Rhea, Tennessee",25145
"Roane, Tennessee",43525
"Robertson, Tennessee",54170
"Rutherford, Tennessee",246005
"Scott, Tennessee",16660
"Sequatchie, Tennessee",12570
"Sevier, Tennessee",74690
"Shelby, Tennessee",662010
"Smith, Tennessee",15335
"Stewart, Tennessee",10560
"Sullivan, Tennessee",127200
"Sumner, Tennessee",147305
"Tipton, Tennessee",46025
"Trousdale, Tennessee",9565
"Unicoi, Tennessee",14430
"Union, Tennessee",15570
"Van Buren, Tennessee",4975
"Warren, Tennessee",30015
"Washington, Tennessee",105640
"Wayne, Tennessee",13250
"Weakley, Tennessee",26555
"White, Tennessee",21260
"Williamson, Tennessee",174610
"Wilson, Tennessee",110170
"Anderson, Texas",44930
"Andrews, Texas",10805
"Angelina, Texas",59715
"Aransas, Texas",19765
"Archer, Texas",6445
"Armstrong, Texas",1465
"Atascosa, Texas",33605
"Austin, Texas",21795
"Bailey, Texas",3645
"Bandera, Texas",17070
"Bastrop, Texas",65610
"Baylor, Texas",2615
"Bee, Texas",24020
"Bell, Texas",256145
"Bexar, Texas",1374530
"Blanco, Texas",9115
"Borden, Texas",450
"Bosque, Texas",13740
"Bowie, Texas",68680
"Brazoria, Texas",255330
"Brazos, Texas",169895
"Brewster, Texas",7210
"Briscoe, Texas",940
"Brooks, Texas",5100
"Brown, Texas",29415
"Burleson, Texas",13060
"Burnet, Texas",37330
"Caldwell, Texas",31675
"Calhoun, Texas",14460
"Callahan, Texas",10780
"Cameron, Texas",242070
"Camp, Texas",8565
"Carson, Texas",4415
"Cass, Texas",21585
"Castro, Texas",4475
"Chambers, Texas",32005
"Cherokee, Texas",34370
"Childress, Texas",5040
"Clay, Texas",8060
"Cochran, Texas",1570
"Coke, Texas",2585
"Coleman, Texas",5760
"Collin, Texas",699715
"Collingsworth, Texas",1960
"Colorado, Texas",14830
"Comal, Texas",124355
"Comanche, Texas",9635
"Concho, Texas",2325
"Cooke, Texas",30085
"Coryell, Texas",61875
"Cottle, Texas",1225
"Crane, Texas",2675
"Crockett, Texas",2265
"Crosby, Texas",3670
"Culberson, Texas",1780
"Dallam, Texas",3850
"Dallas, Texas",1547545
"Dawson, Texas",8795
"Deaf Smith, Texas",10680
"Delta, Texas",4050
"Denton, Texas",627975
"DeWitt, Texas",14935
"Dickens, Texas",1210
"Dimmit, Texas",6030
"Donley, Texas",2585
"Duval, Texas",7345
"Eastland, Texas",13620
"Ector, Texas",98730
"Edwards, Texas",1030
"Ellis, Texas",135255
"El Paso, Texas",544340
"Erath, Texas",31810
"Falls, Texas",12800
"Fannin, Texas",27330
"Fayette, Texas",18595
"Fisher, Texas",2795
"Floyd, Texas",3600
"Foard, Texas",850
"Fort Bend, Texas",518025
"Franklin, Texas",7595
"Freestone, Texas",14570
"Frio, Texas",12010
"Gaines, Texas",11065
"Galveston, Texas",249805
"Garza, Texas",3775
"Gillespie, Texas",20285
"Glasscock, Texas",705
"Goliad, Texas",5360
"Gonzales, Texas",13055
"Gray, Texas",14475
"Grayson, Texas",98875
"Gregg, Texas",85800
"Grimes, Texas",21800
"Guadalupe, Texas",125390
"Hale, Texas",21555
"Hall, Texas",2030
"Hamilton, Texas",6210
"Hansford, Texas",3220
"Hardeman, Texas",2640
"Hardin, Texas",42180
"Harris, Texas",2811285
"Harrison, Texas",50275
"Hartley, Texas",3930
"Haskell, Texas",4210
"Hays, Texas",177270
"Hemphill, Texas",2240
"Henderson, Texas",62555
"Hidalgo, Texas",448470
"Hill, Texas",26465
"Hockley, Texas",14655
"Hood, Texas",48135
"Hopkins, Texas",25995
"Houston, Texas",17290
"Howard, Texas",24355
"Hudspeth, Texas",1660
"Hunt, Texas",73150
"Hutchinson, Texas",14955
"Irion, Texas",1105
"Jack, Texas",6435
"Jackson, Texas",10570
"Jasper, Texas",24790
"Jeff Davis, Texas",1630
"Jefferson, Texas",174980
"Jim Hogg, Texas",3230
"Jim Wells, Texas",27830
"Johnson, Texas",130535
"Jones, Texas",15940
"Karnes, Texas",10915
"Kaufman, Texas",100560
"Kendall, Texas",33125
"Kenedy, Texas",75
"Kent, Texas",480
"Kerr, Texas",41145
"Kimble, Texas",3390
"King, Texas",150
"Kinney, Texas",2585
"Kleberg, Texas",22535
"Knox, Texas",2340
"Lamar, Texas",37115
"Lamb, Texas",8495
"Lampasas, Texas",16655
"La Salle, Texas",5005
"Lavaca, Texas",14795
"Lee, Texas",13120
"Leon, Texas",11805
"Liberty, Texas",59510
"Limestone, Texas",15905
"Lipscomb, Texas",1875
"Live Oak, Texas",8505
"Llano, Texas",17730
"Loving, Texas",70
"Lubbock, Texas",227570
"Lynn, Texas",3985
"McCulloch, Texas",5610
"McLennan, Texas",183140
"McMullen, Texas",430
"Madison, Texas",9690
"Marion, Texas",7885
"Martin, Texas",3365
"Mason, Texas",3000
"Matagorda, Texas",24890
"Maverick, Texas",31280
"Medina, Texas",38240
"Menard, Texas",1560
"Midland, Texas",108595
"Milam, Texas",18395
"Mills, Texas",3545
"Mitchell, Texas",7175
"Montague, Texas",15135
"Montgomery, Texas",417600
"Moore, Texas",10750
"Morris, Texas",8885
"Motley, Texas",1010
"Nacogdoches, Texas",46640
"Navarro, Texas",34805
"Newton, Texas",9640
"Nolan, Texas",10390
"Nueces, Texas",250305
"Ochiltree, Texas",5135
"Oldham, Texas",1370
"Orange, Texas",62030
"Palo Pinto, Texas",21025
"Panola, Texas",16790
"Parker, Texas",110060
"Parmer, Texas",5525
"Pecos, Texas",10515
"Polk, Texas",39165
"Potter, Texas",75885
"Presidio, Texas",2975
"Rains, Texas",9585
"Randall, Texas",104140
"Reagan, Texas",1950
"Real, Texas",2120
"Red River, Texas",9025
"Reeves, Texas",9390
"Refugio, Texas",5155
"Roberts, Texas",585
"Robertson, Texas",12490
"Rockwall, Texas",77710
"Runnels, Texas",7205
"Rusk, Texas",38730
"Sabine, Texas",8175
"San Augustine, Texas",6100
"San Jacinto, Texas",20670
"San Patricio, Texas",48910
"San Saba, Texas",4375
"Schleicher, Texas",1800
"Scurry, Texas",12250
"Shackelford, Texas",2375
"Shelby, Texas",16625
"Sherman, Texas",1575
"Smith, Texas",166895
"Somervell, Texas",6775
"Starr, Texas",32810
"Stephens, Texas",6850
"Sterling, Texas",815
"Stonewall, Texas",950
"Sutton, Texas",2010
"Swisher, Texas",4850
"Tarrant, Texas",1390605
"Taylor, Texas",102860
"Terrell, Texas",745
"Terry, Texas",7790
"Throckmorton, Texas",1155
"Titus, Texas",18230
"Tom Green, Texas",87010
"Travis, Texas",897005
"Trinity, Texas",10690
"Tyler, Texas",15880
"Upshur, Texas",30650
"Upton, Texas",2205
"Uvalde, Texas",16945
"Val Verde, Texas",29385
"Van Zandt, Texas",45025
"Victoria, Texas",65085
"Walker, Texas",62540
"Waller, Texas",40570
"Ward, Texas",7685
"Washington, Texas",27140
"Webb, Texas",139975
"Wharton, Texas",28745
"Wheeler, Texas",3390
"Wichita, Texas",95520
"Wilbarger, Texas",9500
"Willacy, Texas",13750
"Williamson, Texas",422705
"Wilson, Texas",37345
"Winkler, Texas",4880
"Wise, Texas",49410
"Wood, Texas",35465
"Yoakum, Texas",3850
"Young, Texas",12690
"Zapata, Texas",7415
"Zavala, Texas",6465
"Beaver, Utah",4620
"Box Elder, Utah",39380
"Cache, Utah",90270
"Carbon, Utah",14850
"Daggett, Utah",475
"Davis, Utah",242105
"Duchesne, Utah",12965
"Emery, Utah",6870
"Garfield, Utah",3890
"Grand, Utah",7535
"Iron, Utah",40565
"Juab, Utah",7885
"Kane, Utah",5985
"Millard, Utah",8435
"Morgan, Utah",8085
"Piute, Utah",1415
"Rich, Utah",1660
"Salt Lake, Utah",791465
"San Juan, Utah",10370
"Sanpete, Utah",20705
"Sevier, Utah",15185
"Summit, Utah",30380
"Tooele, Utah",49455
"Uintah, Utah",23940
"Utah, Utah",425900
"Wasatch, Utah",23070
"Washington, Utah",132300
"Wayne, Utah",1850
"Weber, Utah",182900
"Addison, Vermont",30425
"Bennington, Vermont",29865
"Caledonia, Vermont",24330
"Chittenden, Vermont",134290
"Essex, Vermont",4890
"Franklin, Vermont",38895
"Grand Isle, Vermont",5955
"Lamoille, Vermont",20215
"Orange, Vermont",23990
"Orleans, Vermont",21945
"Rutland, Vermont",49505
"Washington, Vermont",48200
"Windham, Vermont",37565
"Windsor, Vermont",46710
"Accomack, Virginia",24890
"Albemarle, Virginia",84940
"Alleghany, Virginia",12220
"Amelia, Virginia",10440
"Amherst, Virginia",25035
"Appomattox, Virginia",12550
"Arlington, Virginia",170210
"Augusta, Virginia",61815
"Bath, Virginia",3505
"Bedford, Virginia",63255
"Bland, Virginia",5290
"Botetourt, Virginia",27290
"Brunswick, Virginia",13185
"Buchanan, Virginia",16770
"Buckingham, Virginia",13695
"Campbell, Virginia",43615
"Caroline, Virginia",23525
"Carroll, Virginia",23520
"Charles City, Virginia",5690
"Charlotte, Virginia",8965
"Chesterfield, Virginia",265765
"Clarke, Virginia",11845
"Craig, Virginia",3665
"Culpeper, Virginia",37705
"Cumberland, Virginia",7775
"Dickenson, Virginia",11345
"Dinwiddie, Virginia",21990
"Essex, Virginia",8735
"Fairfax, Virginia",757945
"Fauquier, Virginia",53835
"Floyd, Virginia",12515
"Fluvanna, Virginia",21845
"Franklin, Virginia",43965
"Frederick, Virginia",66950
"Giles, Virginia",13300
"Gloucester, Virginia",30955
"Goochland, Virginia",20490
"Grayson, Virginia",12745
"Greene, Virginia",15455
"Greensville, Virginia",9275
"Halifax, Virginia",27005
"Hanover, Virginia",84740
"Henrico, Virginia",239315
"Henry, Virginia",40400
"Highland, Virginia",1955
"Isle of Wight, Virginia",30220
"James City, Virginia",61295
"King and Queen, Virginia",5445
"King George, Virginia",19980
"King William, Virginia",13680
"Lancaster, Virginia",9195
"Lee, Virginia",17925
"Loudoun, Virginia",269115
"Louisa, Virginia",29965
"Lunenburg, Virginia",9255
"Madison, Virginia",10920
"Mathews, Virginia",7240
"Mecklenburg, Virginia",24215
"Middlesex, Virginia",8920
"Montgomery, Virginia",79320
"Nelson, Virginia",11970
"New Kent, Virginia",18415
"Northampton, Virginia",9460
"Northumberland, Virginia",10185
"Nottoway, Virginia",12380
"Orange, Virginia",28210
"Page, Virginia",18815
"Patrick, Virginia",14495
"Pittsylvania, Virginia",49025
"Powhatan, Virginia",24720
"Prince Edward, Virginia",18180
"Prince George, Virginia",33575
"Prince William, Virginia",305755
"Pulaski, Virginia",27705
"Rappahannock, Virginia",6030
"Richmond, Virginia",7175
"Roanoke, Virginia",75235
"Rockbridge, Virginia",18495
"Rockingham, Virginia",63415
"Russell, Virginia",20990
"Scott, Virginia",17605
"Shenandoah, Virginia",33935
"Smyth, Virginia",23735
"Southampton, Virginia",14520
"Spotsylvania, Virginia",102050
"Stafford, Virginia",109115
"Surry, Virginia",5380
"Sussex, Virginia",9025
"Tazewell, Virginia",32305
"Warren, Virginia",30770
"Washington, Virginia",44350
"Westmoreland, Virginia",14735
"Wise, Virginia",28985
"Wythe, Virginia",22620
"York, Virginia",52130
"Alexandria city, Virginia",111025
"Bristol city, Virginia",13605
"Buena Vista city, Virginia",5205
"Charlottesville city, Virginia",36575
"Chesapeake city, Virginia",184475
"Colonial Heights city, Virginia",13535
"Covington city, Virginia",4415
"Danville city, Virginia",32215
"Emporia city, Virginia",4105
"Fairfax city, Virginia",15820
"Falls Church city, Virginia",10420
"Franklin city, Virginia",6010
"Fredericksburg city, Virginia",20770
"Galax city, Virginia",4680
"Hampton city, Virginia",105785
"Harrisonburg city, Virginia",38380
"Hopewell city, Virginia",16830
"Lexington city, Virginia",6590
"Lynchburg city, Virginia",62085
"Manassas city, Virginia",25325
"Manassas Park city, Virginia",10495
"Martinsville city, Virginia",9870
"Newport News city, Virginia",136210
"Norfolk city, Virginia",181155
"Norton city, Virginia",3045
"Petersburg city, Virginia",25275
"Poquoson city, Virginia",9505
"Portsmouth city, Virginia",73840
"Radford city, Virginia",14255
"Richmond city, Virginia",178940
"Roanoke city, Virginia",73225
"Salem city, Virginia",20075
"Staunton city, Virginia",20270
"Suffolk city, Virginia",71210
"Virginia Beach city, Virginia",343070
"Waynesboro city, Virginia",16795
"Williamsburg city, Virginia",13295
"Winchester city, Virginia",19780
"Adams, Washington",10025
"Asotin, Washington",17425
"Benton, Washington",140170
"Chelan, Washington",54745
"Clallam, Washington",63125
"Clark, Washington",366850
"Columbia, Washington",3190
"Cowlitz, Washington",83440
"Douglas, Washington",27660
"Ferry, Washington",5955
"Franklin, Washington",53040
"Garfield, Washington",1830
"Grant, Washington",59250
"Grays Harbor, Washington",58375
"Island, Washington",69025
"Jefferson, Washington",28590
"King, Washington",1546015
"Kitsap, Washington",213455
"Kittitas, Washington",35965
"Klickitat, Washington",17190
"Lewis, Washington",62630
"Lincoln, Washington",8515
"Mason, Washington",50840
"Okanogan, Washington",28820
"Pacific, Washington",19000
"Pend Oreille, Washington",10890
"Pierce, Washington",669245
"San Juan, Washington",15070
"Skagit, Washington",95750
"Skamania, Washington",9785
"Snohomish, Washington",580225
"Spokane, Washington",411495
"Stevens, Washington",36590
"Thurston, Washington",222665
"Wahkiakum, Washington",3600
"Walla Walla, Washington",46705
"Whatcom, Washington",173495
"Whitman, Washington",37160
"Yakima, Washington",150895
"Barbour, West Virginia",12370
"Berkeley, West Virginia",93100
"Boone, West Virginia",17135
"Braxton, West Virginia",10125
"Brooke, West Virginia",18270
"Cabell, West Virginia",74925
"Calhoun, West Virginia",5085
"Clay, West Virginia",6285
"Doddridge, West Virginia",6710
"Fayette, West Virginia",32115
"Gilmer, West Virginia",6120
"Grant, West Virginia",8910
"Greenbrier, West Virginia",26385
"Hampshire, West Virginia",18785
"Hancock, West Virginia",23425
"Hardy, West Virginia",11245
"Harrison, West Virginia",51690
"Jackson, West Virginia",21720
"Jefferson, West Virginia",44430
"Kanawha, West Virginia",142900
"Lewis, West Virginia",13315
"Lincoln, West Virginia",15810
"Logan, West Virginia",25695
"McDowell, West Virginia",14815
"Marion, West Virginia",44915
"Marshall, West Virginia",24780
"Mason, West Virginia",20150
"Mercer, West Virginia",47040
"Mineral, West Virginia",21530
"Mingo, West Virginia",18220
"Monongalia, West Virginia",86135
"Monroe, West Virginia",9770
"Morgan, West Virginia",14145
"Nicholas, West Virginia",19355
"Ohio, West Virginia",33740
"Pendleton, West Virginia",5045
"Pleasants, West Virginia",6160
"Pocahontas, West Virginia",6525
"Preston, West Virginia",27580
"Putnam, West Virginia",44645
"Raleigh, West Virginia",58455
"Randolph, West Virginia",22825
"Ritchie, West Virginia",6765
"Roane, West Virginia",11115
"Summers, West Virginia",10085
"Taylor, West Virginia",13230
"Tucker, West Virginia",5785
"Tyler, West Virginia",6755
"Upshur, West Virginia",18935
"Wayne, West Virginia",30750
"Webster, West Virginia",6690
"Wetzel, West Virginia",11415
"Wirt, West Virginia",4095
"Wood, West Virginia",66375
"Wyoming, West Virginia",16940
"Adams, Wisconsin",17620
"Ashland, Wisconsin",12555
"Barron, Wisconsin",36230
"Bayfield, Wisconsin",13435
"Brown, Wisconsin",197970
"Buffalo, Wisconsin",10550
"Burnett, Wisconsin",13730
"Calumet, Wisconsin",39570
"Chippewa, Wisconsin",51455
"Clark, Wisconsin",23805
"Columbia, Wisconsin",45505
"Crawford, Wisconsin",12825
"Dane, Wisconsin",423915
"Dodge, Wisconsin",70360
"Door, Wisconsin",24840
"Douglas, Wisconsin",35220
"Dunn, Wisconsin",36000
"Eau Claire, Wisconsin",83365
"Florence, Wisconsin",3850
"Fond du Lac, Wisconsin",80000
"Forest, Wisconsin",7430
"Grant, Wisconsin",40585
"Green, Wisconsin",28655
"Green Lake, Wisconsin",14780
"Iowa, Wisconsin",18405
"Iron, Wisconsin",5195
"Jackson, Wisconsin",16230
"Jefferson, Wisconsin",66860
"Juneau, Wisconsin",21210
"Kenosha, Wisconsin",125575
"Kewaunee, Wisconsin",16030
"La Crosse, Wisconsin",95830
"Lafayette, Wisconsin",12410
"Langlade, Wisconsin",15630
"Lincoln, Wisconsin",23195
"Manitowoc, Wisconsin",63285
"Marathon, Wisconsin",104500
"Marinette, Wisconsin",33665
"Marquette, Wisconsin",12545
"Menominee, Wisconsin",2895
"Milwaukee, Wisconsin",667205
"Monroe, Wisconsin",34010
"Oconto, Wisconsin",31190
"Oneida, Wisconsin",31125
"Outagamie, Wisconsin",143440
"Ozaukee, Wisconsin",71230
"Pepin, Wisconsin",5680
"Pierce, Wisconsin",33205
"Polk, Wisconsin",35765
"Portage, Wisconsin",55920
"Price, Wisconsin",11430
"Racine, Wisconsin",146455
"Richland, Wisconsin",13395
"Rock, Wisconsin",122460
"Rusk, Wisconsin",11270
"St. Croix, Wisconsin",70275
"Sauk, Wisconsin",49770
"Sawyer, Wisconsin",14685
"Shawano, Wisconsin",32005
"Sheboygan, Wisconsin",89480
"Taylor, Wisconsin",15260
"Trempealeau, Wisconsin",22080
"Vernon, Wisconsin",22600
"Vilas, Wisconsin",19205
"Walworth, Wisconsin",80735
"Washburn, Wisconsin",13505
"Washington, Wisconsin",106415
"Waukesha, Wisconsin",312905
"Waupaca, Wisconsin",41005
"Waushara, Wisconsin",19940
"Winnebago, Wisconsin",134245
"Wood, Wisconsin",57470
"Albany, Wyoming",30110
"Big Horn, Wyoming",8545
"Campbell, Wyoming",33290
"Carbon, Wyoming",10860
"Converse, Wyoming",10270
"Crook, Wyoming",5375
"Fremont, Wyoming",29400
"Goshen, Wyoming",9975
"Hot Springs, Wyoming",3635
"Johnson, Wyoming",6750
"Laramie, Wyoming",75870
"Lincoln, Wyoming",14335
"Natrona, Wyoming",59845
"Niobrara, Wyoming",2015
"Park, Wyoming",23455
"Platte, Wyoming",6890
"Sheridan, Wyoming",24100
"Sublette, Wyoming",6645
"Sweetwater, Wyoming",29890
"Teton, Wyoming",17190
"Uinta, Wyoming",14535
"Washakie, Wyoming",6030
"Weston, Wyoming",5425
"Adjuntas Municipio, Puerto Rico",14690
"Aguada Municipio, Puerto Rico",31740
"Aguadilla Municipio, Puerto Rico",44885
"Aguas Buenas Municipio, Puerto Rico",19885
"Aibonito Municipio, Puerto Rico",20345
"Añasco Municipio, Puerto Rico",21260
"Arecibo Municipio, Puerto Rico",72175
"Arroyo Municipio, Puerto Rico",12720
"Barceloneta Municipio, Puerto Rico",18515
"Barranquitas Municipio, Puerto Rico",22885
"Bayamón Municipio, Puerto Rico",150770
"Cabo Rojo Municipio, Puerto Rico",39080
"Caguas Municipio, Puerto Rico",104005
"Camuy Municipio, Puerto Rico",27130
"Canóvanas Municipio, Puerto Rico",33325
"Carolina Municipio, Puerto Rico",124420
"Cataño Municipio, Puerto Rico",18675
"Cayey Municipio, Puerto Rico",34350
"Ceiba Municipio, Puerto Rico",9305
"Ciales Municipio, Puerto Rico",13845
"Cidra Municipio, Puerto Rico",32540
"Coamo Municipio, Puerto Rico",28285
"Comerío Municipio, Puerto Rico",15415
"Corozal Municipio, Puerto Rico",27845
"Culebra Municipio, Puerto Rico",965
"Dorado Municipio, Puerto Rico",28610
"Fajardo Municipio, Puerto Rico",26080
"Florida Municipio, Puerto Rico",9510
"Guánica Municipio, Puerto Rico",11165
"Guayama Municipio, Puerto Rico",29670
"Guayanilla Municipio, Puerto Rico",14400
"Guaynabo Municipio, Puerto Rico",74430
"Gurabo Municipio, Puerto Rico",33095
"Hatillo Municipio, Puerto Rico",32055
"Hormigueros Municipio, Puerto Rico",13170
"Humacao Municipio, Puerto Rico",41840
"Isabela Municipio, Puerto Rico",35400
"Jayuya Municipio, Puerto Rico",11750
"Juana Díaz Municipio, Puerto Rico",37305
"Juncos Municipio, Puerto Rico",29800
"Lajas Municipio, Puerto Rico",19420
"Lares Municipio, Puerto Rico",23085
"Las Marías Municipio, Puerto Rico",7140
"Las Piedras Municipio, Puerto Rico",28570
"Loíza Municipio, Puerto Rico",19065
"Luquillo Municipio, Puerto Rico",14560
"Manatí Municipio, Puerto Rico",32230
"Maricao Municipio, Puerto Rico",4415
"Maunabo Municipio, Puerto Rico",8735
"Mayagüez Municipio, Puerto Rico",60240
"Moca Municipio, Puerto Rico",30435
"Morovis Municipio, Puerto Rico",23285
"Naguabo Municipio, Puerto Rico",18695
"Naranjito Municipio, Puerto Rico",23865
"Orocovis Municipio, Puerto Rico",17090
"Patillas Municipio, Puerto Rico",13210
"Peñuelas Municipio, Puerto Rico",16140
"Ponce Municipio, Puerto Rico",110835
"Quebradillas Municipio, Puerto Rico",19295
"Rincón Municipio, Puerto Rico",12835
"Río Grande Municipio, Puerto Rico",38625
"Sabana Grande Municipio, Puerto Rico",18595
"Salinas Municipio, Puerto Rico",20620
"San Germán Municipio, Puerto Rico",26075
"San Juan Municipio, Puerto Rico",266755
"San Lorenzo Municipio, Puerto Rico",31065
"San Sebastián Municipio, Puerto Rico",32220
"Santa Isabel Municipio, Puerto Rico",16280
"Toa Alta Municipio, Puerto Rico",54390
"Toa Baja Municipio, Puerto Rico",60845
"Trujillo Alto Municipio, Puerto Rico",55030
"Utuado Municipio, Puerto Rico",23120
"Vega Alta Municipio, Puerto Rico",28260
"Vega Baja Municipio, Puerto Rico",44525
"Vieques Municipio, Puerto Rico",6700
"Villalba Municipio, Puerto Rico",17705
"Yabucoa Municipio, Puerto Rico",25105
"Yauco Municipio, Puerto Rico",28210
